ID,model,engine_power,age_in_days,km,previous_owners,lat,lon,price,
1,lounge,51,882,25000,1,44.90724182,8.611559868,8900,
2,pop,51,1186,32500,1,45.66635895,12.24188995,8800,
3,sport,74,4658,142228,1,45.50329971,11.41784,4200,
4,lounge,51,2739,160000,1,40.63317108,17.63460922,6000,
5,pop,73,3074,106880,1,41.90322113,12.49565029,5700,
6,pop,74,3623,70225,1,45.0007019,7.68227005,7900,
7,lounge,51,731,11600,1,44.90724182,8.611559868,10750,
8,lounge,51,1521,49076,1,41.90322113,12.49565029,9190,
9,sport,73,4049,76000,1,45.54800034,11.54946995,5600,
10,sport,51,3653,89000,1,45.43830109,10.99170017,6000,
11,pop,51,790,43286,1,40.87142944,14.43896008,8950,
12,lounge,51,366,17500,1,45.06967926,7.704919815,10990,
13,lounge,51,456,18450,1,45.42657089,11.78812981,9700,
14,pop,51,3835,120000,1,40.53158951,17.43615913,4800,
15,lounge,51,1035,40500,1,40.91136169,14.21119976,9300,
16,lounge,51,1096,28200,1,45.6972084,9.845970154,9500,
17,lounge,73,4200,110000,1,41.08235168,14.25424957,5250,
18,pop,51,2223,96848,1,43.78237152,11.25498962,7990,
19,lounge,51,2861,31000,1,45.06967926,7.704919815,7300,
20,lounge,51,425,20030,1,45.35438919,11.86925983,10500,
21,lounge,51,397,19037,1,45.70724869,11.4776001,10500,
22,lounge,51,1886,110000,1,40.83581161,14.50440979,6990,
23,lounge,51,1035,8000,1,44.50608826,12.04417038,10600,
24,lounge,51,790,27595,1,45.68825912,8.731450081,10200,
25,lounge,51,1583,14900,1,45.06967926,7.704919815,9990,
26,lounge,51,366,9218,1,45.43811035,12.31814957,10800,
27,pop,51,3592,124000,1,40.96617889,17.11647987,6800,
28,sport,51,3531,100000,1,40.97645187,14.17228031,4950,
29,lounge,51,762,28900,1,45.13167191,8.449170113,10640,
30,lounge,51,670,4000,1,41.34975052,13.35332012,9500,
31,lounge,62,2769,59216,1,43.78237152,11.25498962,6990,
32,lounge,51,4169,99477,2,40.55056381,14.22562504,5900,
33,lounge,51,821,21730,2,41.90322113,12.49565029,10500,
34,sport,51,3927,140000,2,40.75593185,14.69019032,5200,
35,lounge,51,640,32033,2,44.28387833,11.88813972,9790,
36,pop,51,3653,138116,2,40.63317108,17.63460922,5000,
37,pop,51,852,17000,1,45.50516129,8.939100266,8990,
38,pop,51,3013,58527,1,45.68825912,8.731450081,7200,
39,sport,51,790,43100,1,45.33407974,11.37687016,9950,
40,pop,51,1858,13373,1,41.90322113,12.49565029,9000,
41,sport,51,4139,119000,1,45.34931946,7.742599964,4890,
42,pop,51,609,28500,1,45.74602127,9.049969673,10900,
43,pop,51,1096,83000,1,41.95972061,12.79805565,7900,
44,lounge,73,4049,98000,1,38.2181282,15.2402401,5999,
45,lounge,51,456,12693,1,45.39360046,10.48223972,10900,
46,lounge,51,762,14586,1,42.34196854,12.35848999,10500,
47,lounge,51,821,27640,1,41.90322113,12.49565029,10400,
48,lounge,51,2039,49000,1,41.90322113,12.49565029,7500,
49,sport,51,3684,160000,1,45.4054718,10.27828979,4900,
50,sport,51,4596,107000,1,40.84590149,14.36927032,4300,
51,lounge,51,2192,66000,1,40.8401413,14.25226021,6999,
52,sport,51,790,35000,1,45.33407974,11.37687016,10200,
53,pop,51,1186,24651,1,41.90322113,12.49565029,9300,
54,sport,62,3288,71900,1,41.06240082,14.27388,5990,
55,lounge,51,701,11200,1,46.17649841,9.903670311,10600,
56,lounge,51,3288,124050,1,43.86997986,10.3398304,5500,
57,pop,51,1066,69395,1,45.23141098,9.592889786,7450,
58,lounge,51,456,17961,1,45.39360046,10.48223972,10900,
59,lounge,51,670,18669,1,45.0007019,7.68227005,10990,
60,pop,51,1431,22700,1,41.90322113,12.49565029,8900,
61,lounge,51,4169,56000,1,45.46796036,9.181779861,5900,
62,lounge,51,701,22669,1,45.06967926,7.704919815,9500,
63,pop,73,2557,50000,1,42.15787888,11.90227985,8250,
64,lounge,51,2343,39743,1,45.69522858,9.669509888,8800,
65,lounge,51,456,27466,1,45.39360046,10.48223972,9800,
66,lounge,51,548,22609,1,45.6958313,9.180390358,9900,
67,pop,51,1461,94485,1,44.50883865,11.46907997,7450,
68,sport,51,4261,188000,1,41.06240082,14.27388,4490,
69,lounge,51,2343,94000,1,45.43811035,12.31814957,7400,
70,pop,51,2192,60786,1,43.9381218,10.91257954,7900,
71,pop,51,1096,41950,1,41.66950989,12.50222969,10700,
72,lounge,51,456,16971,1,45.39360046,10.48223972,10900,
73,lounge,51,4108,45300,1,41.29956055,13.03258991,7400,
74,lounge,51,4108,45300,1,41.29956055,13.03258991,7400,
75,lounge,51,3227,75359,1,45.06967926,7.704919815,7800,
76,lounge,51,366,12585,1,45.06967926,7.704919815,9900,
77,pop,62,2101,103000,1,45.79785919,8.644439697,7900,
78,sport,51,2739,77149,3,44.75489044,8.031900406,7800,
79,lounge,51,456,13587,3,45.39360046,10.48223972,10900,
80,lounge,51,1797,55595,3,45.76697922,11.73840046,7800,
81,lounge,51,397,17250,3,45.06967926,7.704919815,10050,
82,sport,51,4292,145000,3,41.06240082,14.27388,4799,
83,lounge,51,790,20849,1,41.90322113,12.49565029,8100,
84,lounge,51,3988,107375,1,41.37656021,14.07629967,5800,
85,pop,63,2009,100000,1,45.31818008,9.105690002,7500,
86,lounge,51,456,17841,1,45.39360046,10.48223972,10900,
87,lounge,51,762,44778,1,45.5712204,9.159139633,9390,
88,pop,51,3258,78681,1,45.67927933,9.237190247,7490,
89,pop,51,4474,123000,1,40.63317108,17.63460922,4900,
90,lounge,51,397,17912,1,41.83264923,12.75259972,9970,
91,lounge,51,1066,69916,1,41.80298996,12.59893036,8980,
92,lounge,51,2647,97700,1,44.50883865,11.46907997,7450,
93,pop,51,366,11500,1,45.70724869,11.4776001,9500,
94,lounge,51,397,17250,1,45.46796036,9.181779861,10050,
95,lounge,51,366,12372,1,38.91444016,16.58436012,10465,
96,sport,51,4292,165600,1,44.71540833,11.30830002,5950,
97,pop,51,1066,28000,1,41.7690506,12.66281033,8500,
98,sport,51,2009,86000,2,40.63317108,17.63460922,7800,
99,lounge,51,456,18592,2,45.39360046,10.48223972,10900,
100,pop,51,731,41558,2,45.5712204,9.159139633,8790,
101,pop,51,4018,96000,2,44.29430008,9.674440384,5700,
102,lounge,51,701,19000,1,41.26411057,13.74499035,10000,
103,lounge,51,397,18183,1,41.83264923,12.75259972,9970,
104,lounge,51,1066,69916,1,41.80298996,12.59893036,8980,
105,pop,51,2647,75500,1,44.50883865,11.46907997,7500,
106,pop,51,1827,39500,1,45.67340088,9.926890373,9800,
107,lounge,51,397,17250,1,41.90322113,12.49565029,10050,
108,pop,51,3835,128000,1,45.76464844,8.99450016,4900,
109,pop,51,366,12929,1,45.55654907,9.534469604,9400,
110,lounge,51,3562,113254,2,44.30582047,8.483639717,6100,
111,lounge,51,366,18000,1,41.26411057,13.74499035,10700,
112,lounge,51,397,16643,1,41.83264923,12.75259972,9970,
113,lounge,51,2892,92300,1,43.88206863,11.10035038,7500,
114,lounge,51,640,34873,1,40.85889816,14.35719013,9500,
115,sport,51,4018,102000,1,41.35784912,13.42463017,6500,
116,lounge,51,397,16135,1,45.35776901,9.612210274,10650,
117,lounge,51,3865,95350,1,41.90322113,12.49565029,5500,
118,lounge,51,425,19909,1,45.72071838,7.321430206,10950,
119,lounge,51,425,16518,1,44.39997101,8.274499893,11000,
120,pop,62,3135,113000,1,45.43811035,12.31814957,5800,
121,pop,51,1096,50000,1,40.92166901,14.19626999,9500,
122,pop,62,3013,120000,1,45.06967926,7.704919815,4900,
123,lounge,51,3227,105000,1,45.6848793,9.717909813,6500,
124,lounge,51,2831,104000,1,45.96493149,12.6445303,6000,
125,pop,51,2831,56779,4,41.90322113,12.49565029,7500,
126,lounge,51,397,17590,1,41.83264923,12.75259972,9970,
127,pop,51,1127,7772,1,41.06985092,15.05898952,9000,
128,lounge,51,2861,85000,1,45.6095314,10.20856953,7700,
129,lounge,51,3623,75900,1,43.78237152,11.25498962,6300,
130,lounge,51,1127,21400,1,44.33253098,7.545919895,9500,
131,lounge,51,4292,112400,1,45.70610046,11.80737019,5000,
132,lounge,51,366,18590,1,40.39588928,18.12977982,10900,
133,sport,51,3988,175000,1,45.7012291,8.812990189,4800,
134,lounge,51,701,22700,1,45.7768898,9.306159973,10250,
135,pop,51,1096,50000,1,40.92166901,14.19626999,9500,
136,lounge,62,3470,110000,1,40.83581161,14.50440979,4990,
137,pop,51,1400,49000,1,45.60689163,9.306619644,8200,
138,lounge,51,790,34012,1,45.43878937,10.76424026,10550,
139,lounge,51,1155,53589,1,45.23141098,9.592889786,8950,
140,lounge,51,397,14431,1,41.83264923,12.75259972,9970,
141,lounge,51,2953,80000,1,45.58409119,9.270959854,6900,
142,lounge,51,4169,81900,2,45.44327164,10.2302103,4900,
143,lounge,51,3074,124100,2,45.52497864,9.522139549,6700,
144,pop,51,1827,46000,1,45.66292953,11.60243034,7800,
145,lounge,74,4230,176000,1,42.92044067,13.83355045,4990,
146,lounge,51,366,13124,1,45.72071838,7.321430206,10950,
147,lounge,51,4018,152900,1,43.06753159,12.55154991,5500,
148,lounge,51,762,15917,1,40.93085098,14.52859974,9900,
149,sport,51,4383,74000,1,43.52069855,13.23808002,6900,
150,lounge,51,456,13215,1,39.29122162,16.25251389,9490,
151,lounge,51,366,14732,1,45.74074173,12.23266983,9950,
152,lounge,51,2892,67000,1,45.67483902,9.687859535,7900,
153,lounge,51,790,39916,1,40.75220871,14.45341015,10279,
154,lounge,51,397,13600,1,41.90322113,12.49565029,9970,
155,lounge,51,701,21580,1,41.12586975,16.86665916,11090,
156,lounge,51,3500,106000,1,41.27293015,16.41847038,5600,
157,lounge,51,1858,35304,1,45.64609909,10.49915981,8000,
158,lounge,51,4018,174000,1,42.92044067,13.83355045,5400,
159,lounge,51,1886,51786,1,40.78419113,14.36966991,7990,
160,lounge,51,456,56779,1,45.43811035,12.31814957,10800,
161,lounge,51,3409,70000,1,41.90322113,12.49565029,5800,
162,pop,51,3409,56779,1,42.45336914,14.14037991,8700,
163,lounge,51,397,16755,1,39.29122162,16.25251389,9490,
164,pop,51,701,48268,1,45.58409119,9.270959854,9000,
165,pop,51,3531,97000,1,45.67483902,9.687859535,6500,
166,lounge,51,790,39916,1,41.90322113,12.49565029,10280,
167,pop,51,3804,114000,1,45.60697174,9.629229546,4500,
168,lounge,51,397,15341,1,45.35776901,9.612210274,10950,
169,lounge,51,3531,83000,1,40.63317108,17.63460922,5900,
170,pop,51,2496,57200,1,41.90322113,12.49565029,7900,
171,lounge,51,2892,96685,1,40.69556046,14.48085022,5900,
172,lounge,51,366,17272,1,38.12207031,13.36112022,11000,
173,sport,51,4077,124000,1,41.15206146,15.08308983,4250,
174,lounge,51,731,24700,1,41.90322113,12.49565029,9450,
175,pop,51,578,5000,1,40.8401413,14.25226021,8900,
176,lounge,51,456,19133,1,45.39360046,10.48223972,10900,
177,lounge,51,456,11998,1,39.29122162,16.25251389,9590,
178,pop,51,790,39461,1,40.92649078,14.4764204,10800,
179,lounge,51,1066,1232,1,45.46796036,9.181779861,9900,
180,lounge,51,790,39916,1,41.80298996,12.59893036,10280,
181,lounge,51,1308,23500,1,43.81702042,10.68284988,9800,
182,lounge,51,397,14991,1,45.35776901,9.612210274,10950,
183,lounge,51,2496,104000,1,40.46537018,17.25053978,6900,
184,lounge,51,3378,132000,2,45.69522858,9.669509888,4800,
185,lounge,51,548,20000,1,45.46350098,9.913140297,9600,
186,lounge,51,487,18337,1,39.33176041,16.18132973,10500,
187,pop,51,1400,25282,1,45.06967926,7.704919815,8200,
188,lounge,51,4322,117000,1,45.32979965,10.12679958,5399,
189,lounge,51,3197,160403,1,41.35784912,13.42463017,5500,
190,lounge,51,1431,81900,1,44.13837051,12.23882008,10000,
191,lounge,51,821,19000,1,44.98873901,9.010499954,9990,
192,pop,51,670,45000,1,41.90322113,12.49565029,10670,
193,lounge,51,670,38000,1,45.54597855,12.16055965,8900,
194,pop,51,4353,76000,1,45.85166168,9.391869545,5500,
195,lounge,51,3227,142000,1,44.29430008,9.674440384,4900,
196,lounge,51,517,9150,1,44.41175842,12.2040596,10600,
197,pop,51,1552,52026,1,45.06967926,7.704919815,6900,
198,lounge,51,2282,145150,2,45.38684082,11.79088974,6800,
199,lounge,51,397,19783,2,38.12207031,13.36112022,11000,
200,lounge,51,3743,105610,2,37.72787857,12.88747025,4900,
201,lounge,51,1035,18000,1,41.90322113,12.49565029,10990,
202,lounge,51,1461,54000,1,38.12207031,13.36112022,10000,
203,pop,51,852,10400,1,45.7907486,8.746919632,10400,
204,lounge,51,762,22000,1,44.98873901,9.010499954,9790,
205,lounge,51,4505,102502,1,45.06967926,7.704919815,5700,
206,lounge,51,366,10000,1,45.54597855,12.16055965,10990,
207,lounge,51,4292,124000,1,41.90322113,12.49565029,5300,
208,lounge,51,397,14284,1,45.35776901,9.612210274,10850,
209,pop,62,1917,37900,1,45.77878189,11.84053993,7600,
210,pop,51,2588,88000,1,43.88206863,11.10035038,5500,
211,lounge,51,456,13600,1,45.73727036,11.38978958,10400,
212,pop,51,2557,52000,1,40.69672012,14.51916027,6900,
213,lounge,51,1247,27464,1,45.61695862,9.422280312,8200,
214,lounge,51,425,23212,1,45.35438919,11.86925983,10500,
215,sport,51,3592,99180,1,43.62332916,11.46354008,6700,
216,lounge,51,701,25000,1,44.98873901,9.010499954,9790,
217,lounge,51,1247,39600,1,41.90322113,12.49565029,8500,
218,lounge,51,3044,132000,1,37.8167305,12.86872005,7900,
219,pop,51,790,48000,1,45.38145828,9.155489922,8500,
220,lounge,51,4018,118000,2,44.06312943,12.44701004,5100,
221,lounge,51,3927,121000,2,41.90322113,12.49565029,4500,
222,lounge,51,2131,59753,1,44.43400955,10.40653992,6900,
223,lounge,51,1886,56500,1,45.46796036,9.181779861,8500,
224,lounge,51,397,18019,1,38.12207031,13.36112022,11000,
225,lounge,51,3712,108000,1,45.56040955,8.059780121,6600,
226,sport,73,3896,120000,1,44.29430008,9.674440384,5100,
227,lounge,51,3896,120000,1,44.11185837,9.958860397,5900,
228,lounge,51,425,18233,1,45.35438919,11.86925983,10500,
229,lounge,51,456,10062,1,45.81475067,8.830129623,10700,
230,pop,51,701,16000,1,44.98873901,9.010499954,9190,
231,lounge,51,1370,64658,1,45.75424957,9.312749863,9435,
232,lounge,51,670,25000,1,45.07889938,9.302300453,10500,
233,sport,51,2466,113000,1,46.79201889,11.98031998,6600,
234,pop,62,3258,84740,1,45.3355217,11.78584003,6900,
235,pop,51,2374,81600,1,43.9381218,10.91257954,7600,
236,lounge,51,762,8500,1,44.69252014,10.10396004,10800,
237,lounge,51,366,14089,1,42.56283188,12.64220047,10900,
238,lounge,51,2374,90000,1,44.28387833,11.88813972,7900,
239,pop,51,1583,38000,1,41.90322113,12.49565029,8900,
240,lounge,51,821,13500,1,41.90322113,12.49565029,10300,
241,lounge,51,397,13105,1,45.35438919,11.86925983,10500,
242,lounge,51,670,33608,1,43.06753159,12.55154991,10900,
243,pop,51,3288,90000,1,43.9126091,12.90561008,6900,
244,lounge,51,821,32150,1,45.51256943,10.32901001,9950,
245,lounge,51,4018,68000,1,45.07889938,9.302300453,5800,
246,lounge,51,2466,127000,1,44.13837051,12.23882008,6300,
247,lounge,51,762,13236,2,40.69556046,14.48085022,10300,
248,lounge,51,366,20653,2,45.70724869,11.4776001,10500,
249,lounge,51,366,10909,2,38.12207031,13.36112022,11000,
250,lounge,51,425,15000,2,44.55202866,7.725810051,10950,
251,lounge,51,1858,12000,2,40.87839127,14.14029026,10500,
252,lounge,51,790,39162,2,45.46796036,9.181779861,9990,
253,lounge,51,790,27595,2,45.68825912,8.731450081,10200,
254,lounge,51,790,23040,2,41.90322113,12.49565029,8000,
255,lounge,51,397,12780,2,44.90724182,8.611559868,10500,
256,lounge,51,790,30758,2,45.51256943,10.32901001,9950,
257,pop,51,1127,50000,1,41.90322113,12.49565029,8250,
258,pop,51,3439,125684,1,43.87985992,10.78281021,4390,
259,pop,51,366,22148,1,45.6835289,11.95294952,9500,
260,lounge,51,366,71200,1,44.03533173,10.13949013,8900,
261,lounge,51,1127,44000,1,44.70143127,7.972080231,9500,
262,lounge,51,425,18702,1,38.12207031,13.36112022,11000,
263,pop,51,2131,40388,1,45.0127182,7.821589947,8390,
264,lounge,73,4658,143000,1,45.06967926,7.704919815,4500,
265,lounge,51,790,31650,1,45.68825912,8.731450081,10200,
266,lounge,51,670,35000,1,41.90322113,12.49565029,10470,
267,pop,62,1066,34464,1,43.78237152,11.25498962,7500,
268,lounge,51,670,15214,1,37.6079483,12.96685028,10800,
269,lounge,51,4383,135762,1,43.87985992,10.78281021,3390,
270,lounge,51,3319,89179,2,45.6100502,9.242340088,7500,
271,pop,51,2192,53428,2,45.46796036,9.181779861,6990,
272,lounge,51,397,13980,2,45.46580124,8.88640976,9980,
273,lounge,51,366,14816,2,38.12207031,13.36112022,11000,
274,lounge,51,731,33070,2,41.10787964,14.20880985,10900,
275,lounge,51,2374,102600,1,40.96617889,17.11647987,6800,
276,pop,51,1827,45000,1,41.90322113,12.49565029,8200,
277,pop,66,3957,83000,1,41.90322113,12.49565029,5800,
278,lounge,51,701,21000,1,44.71540833,11.30830002,10900,
279,lounge,51,2892,70000,1,43.33272171,11.71932983,6900,
280,pop,51,4322,120000,1,40.67237854,14.72821999,4900,
281,lounge,51,425,15384,1,45.51256943,10.32901001,10850,
282,pop,51,2131,40000,1,45.5320015,9.28153038,7300,
283,pop,51,1217,58497,1,41.90322113,12.49565029,8900,
284,pop,51,4230,156000,3,45.67483902,9.687859535,4250,
285,lounge,51,1917,49000,3,45.35776901,9.612210274,7800,
286,lounge,51,397,14877,3,45.46580124,8.88640976,9980,
287,lounge,51,366,17642,3,38.12207031,13.36112022,11000,
288,pop,51,1066,65415,3,41.10787964,14.20880985,7900,
289,sport,62,3013,67000,1,40.96617889,17.11647987,7500,
290,lounge,51,2101,61400,1,41.90322113,12.49565029,7990,
291,pop,51,1066,74000,1,41.80591965,13.05401993,8900,
292,lounge,51,701,22000,1,44.71540833,11.30830002,10900,
293,lounge,51,3105,119767,1,43.25386047,11.81614971,5800,
294,lounge,51,701,10800,1,41.02598953,14.46444035,9850,
295,lounge,51,397,18631,1,45.51256943,10.32901001,10850,
296,lounge,51,4049,135000,1,41.90322113,12.49565029,5490,
297,lounge,51,425,20900,1,45.53868866,9.928310394,10500,
298,lounge,51,456,15324,1,45.81275177,9.224140167,10500,
299,lounge,51,397,19286,1,45.46580124,8.88640976,9980,
300,lounge,51,670,32156,1,41.10787964,14.20880985,10900,
301,lounge,51,1247,11000,1,45.06967926,7.704919815,9990,
302,lounge,51,1066,66000,1,43.34375,11.92121029,9000,
303,pop,51,3957,148700,1,41.12586975,16.86665916,4900,
304,pop,51,2496,99510,1,44.50883865,11.46907997,6500,
305,pop,51,701,37950,1,41.77008057,12.22710991,7950,
306,lounge,51,456,12600,1,44.90443039,8.199939728,10200,
307,lounge,51,397,21886,1,45.51256943,10.32901001,10850,
308,pop,51,3896,60000,1,45.62141037,12.45398998,4900,
309,lounge,51,2282,50400,1,44.90724182,8.611559868,7900,
310,lounge,51,1035,69900,1,42.14385986,12.54016018,9750,
311,lounge,51,3347,133000,1,41.29956055,13.03258991,5400,
312,lounge,51,397,15465,1,45.46580124,8.88640976,9980,
313,pop,51,790,48461,1,41.10787964,14.20880985,8500,
314,lounge,51,3957,136000,1,41.15206146,15.08308983,4990,
315,lounge,74,4322,170000,1,45.55812073,9.213609695,4600,
316,lounge,51,1096,37000,1,45.5501709,12.07188034,9300,
317,lounge,51,366,15206,1,45.51256943,10.32901001,10850,
318,lounge,51,4018,83000,1,45.83068848,12.03334045,5490,
319,lounge,51,366,15000,1,44.29430008,9.674440384,10500,
320,lounge,51,762,24700,1,42.14385986,12.54016018,9450,
321,lounge,51,821,17600,1,44.76641846,8.705599785,10500,
322,lounge,51,456,16043,1,45.46580124,8.88640976,9980,
323,pop,51,366,5870,1,45.46796036,9.181779861,10999,
324,lounge,51,425,16783,1,41.90322113,12.49565029,9100,
325,lounge,51,4474,108400,1,46.17649841,9.903670311,6200,
326,lounge,51,3470,78000,1,40.92850113,14.20366955,6000,
327,lounge,51,701,42290,1,45.02238846,7.586019993,8400,
328,lounge,51,790,37819,1,45.70724869,11.4776001,9700,
329,lounge,51,397,17034,1,45.51256943,10.32901001,10950,
330,lounge,51,3835,100000,1,45.4054718,10.27828979,5200,
331,lounge,51,366,14000,1,44.29430008,9.674440384,10500,
332,lounge,51,1155,40700,1,42.14385986,12.54016018,8750,
333,pop,51,1521,37500,1,45.5320015,9.28153038,8290,
334,lounge,51,456,26526,1,45.46580124,8.88640976,9980,
335,lounge,51,425,12275,1,41.90322113,12.49565029,9100,
336,lounge,51,701,37083,1,40.46537018,17.25053978,9000,
337,lounge,51,2223,60000,1,45.31705856,8.858699799,7700,
338,pop,51,2343,95000,1,45.33407974,11.37687016,7900,
339,lounge,51,3684,71000,1,40.92850113,14.20366955,6000,
340,lounge,51,1096,55851,1,41.90322113,12.49565029,7100,
341,lounge,51,1247,22686,1,41.90322113,12.49565029,9390,
342,lounge,51,425,20917,1,45.51256943,10.32901001,10850,
343,lounge,51,3988,102932,2,45.6095314,10.20856953,5999,
344,lounge,51,366,15000,2,44.29430008,9.674440384,10500,
345,lounge,51,397,22775,2,45.46580124,8.88640976,9980,
346,lounge,51,397,11997,2,45.46796036,9.181779861,9999,
347,lounge,51,762,29000,2,45.76464844,8.99450016,10500,
348,pop,51,1155,29000,2,43.78237152,11.25498962,10900,
349,lounge,51,821,21877,2,46.17649841,9.903670311,10800,
350,lounge,51,701,19934,2,45.13325882,7.632730007,8999,
351,lounge,51,4108,138000,1,45.5501709,12.07188034,5200,
352,lounge,51,456,11314,1,45.55812073,9.213609695,10900,
353,lounge,51,425,17375,1,45.20227814,10.79292965,10950,
354,pop,51,1066,52125,1,44.41175842,12.2040596,8900,
355,lounge,51,366,18000,1,44.29430008,9.674440384,10500,
356,lounge,51,2557,81247,1,45.28242111,9.931300163,7500,
357,lounge,51,2739,90000,1,44.79853058,10.34022045,6200,
358,sport,51,3743,68833,1,44.92488098,7.330989838,5490,
359,pop,51,3347,85500,1,45.46796036,9.181779861,5699,
360,lounge,51,790,35000,1,45.76464844,8.99450016,10500,
361,lounge,51,2313,80000,1,40.92850113,14.20366955,6990,
362,lounge,51,762,36448,1,40.75220871,14.45341015,8579,
363,sport,51,2009,125000,1,45.19305038,9.15130043,6350,
364,pop,51,2769,72000,1,44.13837051,12.23882008,7800,
365,lounge,51,1521,46980,1,45.74602127,9.049969673,8600,
366,lounge,51,397,16523,1,45.20227814,10.79292965,10850,
367,pop,51,2313,19500,1,44.50482178,11.34517956,7900,
368,lounge,51,366,17000,1,44.29430008,9.674440384,10500,
369,lounge,51,2251,87000,1,45.06967926,7.704919815,5990,
370,lounge,51,578,32057,1,40.9952507,17.21916008,9600,
371,pop,51,366,11203,1,45.05659866,9.701760292,9900,
372,lounge,51,3562,128000,2,45.50944901,9.088700294,4990,
373,pop,51,2131,90000,1,41.90322113,12.49565029,6500,
374,lounge,51,731,33665,1,40.75220871,14.45341015,9979,
375,lounge,51,3804,78000,1,45.59614944,8.915809631,6600,
376,lounge,51,701,13100,1,43.06753159,12.55154991,10500,
377,lounge,51,1096,64944,1,41.90322113,12.49565029,7100,
378,pop,51,2616,122000,1,45.66228104,9.631299973,5900,
379,lounge,51,397,18877,1,45.20227814,10.79292965,10850,
380,lounge,51,1521,55886,1,40.85889816,14.35719013,8500,
381,lounge,51,366,19000,1,44.29430008,9.674440384,10500,
382,pop,51,397,17500,1,42.10467911,14.70598984,9800,
383,lounge,51,790,17200,1,45.64250183,12.16362,9800,
384,lounge,51,578,32057,1,44.50482178,11.34517956,9600,
385,lounge,51,1005,22376,1,41.90322113,12.49565029,10900,
386,pop,77,2251,52000,2,45.50944901,9.088700294,8500,
387,pop,51,1858,75000,2,45.64123917,11.55618,9999,
388,lounge,51,731,33280,2,40.75220871,14.45341015,9980,
389,lounge,51,701,23900,1,45.50442123,12.03608036,9800,
390,pop,51,701,40000,1,45.77859116,8.946249962,8000,
391,lounge,51,1096,57262,1,41.90322113,12.49565029,7100,
392,lounge,51,762,12816,1,45.81275177,9.224140167,10300,
393,lounge,51,397,15003,1,45.20227814,10.79292965,10850,
394,lounge,51,2435,81631,1,45.82556152,12.20979023,7400,
395,lounge,51,366,17000,1,44.29430008,9.674440384,10500,
396,pop,51,366,18818,1,45.02238846,7.586019993,8990,
397,lounge,51,821,10800,1,45.64250183,12.16362,9800,
398,lounge,51,578,32057,1,43.78237152,11.25498962,9600,
399,lounge,51,1035,69900,1,41.90322113,12.49565029,9750,
400,lounge,51,3258,155000,1,43.33272171,11.71932983,6500,
401,lounge,51,762,36448,1,41.80298996,12.59893036,8580,
402,lounge,62,1917,36000,1,45.70059967,9.2084198,9900,
403,pop,51,2162,117183,1,44.05541992,12.57003975,6000,
404,lounge,62,2282,69000,1,46.16872025,12.70748997,7800,
405,lounge,51,456,14000,1,40.8401413,14.25226021,9499,
406,lounge,51,1583,29064,1,45.51256943,10.32901001,9500,
407,lounge,51,762,41783,1,43.78237152,11.25498962,9450,
408,lounge,51,366,16000,1,44.29430008,9.674440384,10500,
409,lounge,51,456,13900,1,44.06312943,12.44701004,10900,
410,lounge,51,670,16000,1,44.55202866,7.725810051,10450,
411,lounge,51,578,32057,1,40.82139969,14.12238026,9600,
412,lounge,51,1521,19446,1,45.59614944,8.915809631,10600,
413,sport,51,3439,147448,1,45.32001114,10.57859039,4990,
414,lounge,51,1096,15000,1,44.99895096,9.103429794,9490,
415,lounge,51,731,33665,1,41.80298996,12.59893036,9980,
416,lounge,51,397,13988,1,45.35438919,11.86925983,10500,
417,lounge,51,456,18400,1,44.06312943,12.44701004,10900,
418,lounge,51,670,18560,1,45.81275177,9.224140167,10300,
419,lounge,51,397,16218,1,45.51256943,10.32901001,10850,
420,lounge,51,790,40298,1,43.78237152,11.25498962,9450,
421,lounge,51,366,15000,1,44.29430008,9.674440384,10500,
422,lounge,51,456,19900,1,44.06312943,12.44701004,10900,
423,lounge,51,1127,13000,1,45.76464844,8.99450016,9500,
424,lounge,51,578,32057,1,38.12207031,13.36112022,9600,
425,lounge,51,1521,21381,1,45.59614944,8.915809631,10600,
426,lounge,51,790,17708,1,41.90322113,12.49565029,8100,
427,lounge,51,701,18000,1,44.99895096,9.103429794,10590,
428,lounge,51,731,33665,1,41.80298996,12.59893036,9980,
429,lounge,51,4383,125000,1,40.83581161,14.50440979,4690,
430,lounge,51,456,17600,1,44.06312943,12.44701004,10900,
431,pop,51,2374,110000,1,44.69559097,10.64124966,6599,
432,lounge,51,2527,95000,1,36.85583878,14.76047039,7500,
433,lounge,51,397,15075,1,45.51256943,10.32901001,10850,
434,lounge,51,790,45381,1,43.78237152,11.25498962,9450,
435,pop,51,762,18600,1,41.29956055,13.03258991,10600,
436,lounge,51,456,10500,1,44.06312943,12.44701004,10900,
437,lounge,51,2527,114000,1,45.51205063,10.42700958,7950,
438,lounge,51,578,32057,1,45.00674057,8.924189568,9600,
439,lounge,51,790,15478,1,45.06967926,7.704919815,9900,
440,lounge,51,1858,81042,1,40.74824142,14.52834988,8990,
441,sport,74,4322,170000,1,45.55812073,9.213609695,4900,
442,lounge,51,762,36448,1,45.5712204,9.159139633,8980,
443,lounge,51,3347,72000,1,45.7832489,12.48812008,6900,
444,lounge,51,456,24500,1,44.06312943,12.44701004,10900,
445,lounge,51,3743,50432,1,45.06967926,7.704919815,6200,
446,pop,51,1886,119000,1,40.85889816,14.35719013,7490,
447,lounge,51,425,16562,1,45.51256943,10.32901001,10950,
448,lounge,51,790,38974,1,43.78237152,11.25498962,9450,
449,lounge,51,3562,82000,1,45.50054932,9.326600075,5900,
450,lounge,51,2313,56600,3,45.13167191,8.449170113,7950,
451,lounge,51,701,22794,3,41.10787964,14.20880985,9600,
452,lounge,51,578,32057,1,39.21453857,9.110489845,9600,
453,lounge,51,790,18156,1,40.67348099,14.77124977,10500,
454,pop,51,4018,95156,1,45.0007019,7.68227005,5900,
455,lounge,51,4018,113000,1,40.91917038,14.15332031,4400,
456,lounge,51,731,29830,1,45.5712204,9.159139633,9980,
457,lounge,51,456,14800,1,44.06312943,12.44701004,10900,
458,lounge,51,701,17000,1,45.60689163,9.306619644,9900,
459,lounge,51,2101,82000,1,45.14241028,10.01521015,6700,
460,lounge,51,397,15628,1,45.51256943,10.32901001,10850,
461,lounge,51,790,39865,1,43.78237152,11.25498962,9450,
462,pop,51,2313,106500,1,45.50329971,11.41784,6800,
463,lounge,51,762,15800,1,45.64250183,12.16362,9800,
464,sport,51,3957,38000,1,45.58409119,9.270959854,5490,
465,lounge,51,762,12161,1,37.51858139,15.00710964,10800,
466,pop,51,2282,69159,1,41.90322113,12.49565029,9200,
467,pop,51,2070,57000,1,45.46796036,9.181779861,7900,
468,lounge,51,731,36303,1,45.5712204,9.159139633,9980,
469,lounge,51,456,11700,1,44.06312943,12.44701004,10900,
470,lounge,51,578,21500,1,43.96585083,12.60208035,9500,
471,lounge,51,731,25900,1,45.06967926,7.704919815,8850,
472,lounge,51,425,17375,1,45.51256943,10.32901001,10950,
473,lounge,51,790,46620,1,43.78237152,11.25498962,9450,
474,lounge,51,4200,97000,1,45.40943909,11.87170982,4700,
475,pop,51,1005,60879,1,45.58409119,9.270959854,8350,
476,pop,51,640,30000,1,45.06967926,7.704919815,8900,
477,lounge,51,425,18276,1,38.31806946,16.39489937,11000,
478,lounge,51,3500,38431,1,41.90322113,12.49565029,7500,
479,lounge,51,3074,103000,1,45.46796036,9.181779861,6900,
480,pop,51,1827,47000,2,40.40106964,15.59286976,6990,
481,lounge,51,456,17000,2,44.06312943,12.44701004,10900,
482,pop,51,3197,120000,2,40.17470169,18.16762924,7900,
483,sport,51,3835,129892,2,45.06967926,7.704919815,4490,
484,lounge,51,397,18877,2,45.51256943,10.32901001,10850,
485,lounge,51,790,41572,2,43.78237152,11.25498962,9450,
486,pop,51,882,24626,1,45.54444122,10.32971954,8990,
487,lounge,51,1492,50400,1,43.06753159,12.55154991,9500,
488,lounge,51,425,20636,1,45.35776901,9.612210274,10650,
489,lounge,51,3258,100000,2,40.82139969,14.12238026,6490,
490,lounge,51,2101,18205,2,41.90322113,12.49565029,9700,
491,pop,51,1797,39000,1,40.6095314,14.98093033,7999,
492,pop,51,670,9000,1,44.98873901,9.010499954,11090,
493,lounge,51,456,29850,1,44.06312943,12.44701004,10900,
494,lounge,51,4049,104300,1,44.90724182,8.611559868,6800,
495,lounge,51,456,13375,1,41.90322113,12.49565029,10800,
496,lounge,51,397,15003,1,45.51256943,10.32901001,10850,
497,pop,51,790,38718,1,43.78237152,11.25498962,10450,
498,lounge,51,397,17488,1,40.96757126,14.20794964,10200,
499,lounge,51,425,24281,1,45.43811035,12.31814957,10800,
500,lounge,51,701,25076,1,45.51256943,10.32901001,10450,
501,lounge,51,2527,25191,1,41.90322113,12.49565029,8800,
502,lounge,51,1155,38197,1,41.90322113,12.49565029,8899,
503,pop,51,1461,87066,1,44.50883865,11.46907997,7450,
504,lounge,51,456,21200,1,44.06312943,12.44701004,10900,
505,lounge,51,3378,25800,1,41.46273041,12.90528011,7400,
506,lounge,51,456,11186,1,41.90322113,12.49565029,10800,
507,lounge,51,701,45550,1,41.77008057,12.22710991,9590,
508,lounge,51,670,21971,1,43.78237152,11.25498962,9450,
509,lounge,51,790,42000,1,45.06967926,7.704919815,8900,
510,lounge,51,762,20000,1,45.21540833,7.633669853,9800,
511,lounge,51,487,56779,1,45.40943909,11.87170982,10500,
512,pop,51,3500,80320,1,41.90322113,12.49565029,7000,
513,lounge,51,3013,143000,1,45.73326111,8.453169823,6500,
514,lounge,51,762,19600,1,45.53868866,9.928310394,9800,
515,pop,51,366,15626,1,45.02238846,7.586019993,8990,
516,pop,51,2251,90000,2,45.78366852,8.967240334,6400,
517,lounge,51,456,11569,1,41.90322113,12.49565029,10800,
518,pop,51,731,19675,1,45.35438919,11.86925983,9000,
519,lounge,51,1705,65000,1,45.46350098,9.913140297,6900,
520,pop,51,1858,33000,1,45.61695862,9.422280312,9800,
521,lounge,51,1492,64600,1,45.49222946,12.1016798,8300,
522,lounge,51,701,27000,1,45.60689163,9.306619644,9700,
523,lounge,51,425,18443,1,43.23400116,12.78215027,10800,
524,lounge,51,425,3600,1,40.69556046,14.48085022,9490,
525,lounge,51,3562,80646,1,41.90322113,12.49565029,6800,
526,lounge,51,2616,45000,1,45.53725052,9.371049881,7950,
527,lounge,51,2616,56400,1,45.7832489,12.48812008,6900,
528,lounge,51,425,13111,1,45.02238846,7.586019993,9990,
529,sport,51,517,43000,1,45.53659058,10.23204041,10800,
530,lounge,51,2892,104000,1,45.70059967,9.088769913,6800,
531,lounge,51,762,20000,1,43.95793152,11.38619041,9400,
532,lounge,51,670,19956,1,45.43811035,12.31814957,9800,
533,pop,51,1127,80858,1,41.10787964,14.20880985,7900,
534,lounge,51,2192,105000,1,45.52046967,10.8868103,8500,
535,pop,51,2922,31350,1,43.78451157,10.92465973,6500,
536,sport,51,609,35000,1,45.65016174,9.205189705,10500,
537,lounge,51,943,25006,1,45.60054016,7.796450138,10900,
538,lounge,62,3013,101417,1,41.90322113,12.49565029,7900,
539,lounge,51,4535,124000,1,45.06967926,7.704919815,4450,
540,lounge,51,1096,63500,1,46.79201889,11.98031998,9900,
541,lounge,51,2131,44659,1,38.12207031,13.36112022,8900,
542,pop,51,4353,104000,1,45.63330841,9.587340355,4300,
543,lounge,51,1431,68000,1,45.42092133,8.940649986,8800,
544,pop,51,1278,27970,1,45.31705856,8.858699799,9400,
545,lounge,51,3166,72185,1,45.76396942,9.106980324,6500,
546,lounge,51,790,24000,1,45.43811035,12.31814957,9800,
547,lounge,51,366,15951,1,45.06967926,7.704919815,9900,
548,lounge,51,1797,44000,1,45.52672958,10.83778954,10900,
549,lounge,51,3865,72000,1,45.67340088,9.926890373,7800,
550,lounge,51,3712,149000,1,45.6563797,9.50508976,5490,
551,lounge,51,3319,51034,1,41.90322113,12.49565029,8300,
552,lounge,51,790,16000,1,40.85470963,14.37921047,10500,
553,lounge,74,4658,135000,1,40.83581161,14.50440979,4490,
554,lounge,51,578,12982,1,45.46796036,9.181779861,10800,
555,lounge,51,852,38020,1,45.46796036,9.181779861,9490,
556,pop,51,366,19000,1,45.49541855,12.15649033,10490,
557,sport,51,1886,107500,1,45.53371811,9.231049538,8500,
558,lounge,51,790,19133,1,45.74602127,9.049969673,9850,
559,lounge,51,731,19371,1,45.43811035,12.31814957,9800,
560,pop,51,913,20000,1,40.92850113,14.20366955,8499,
561,lounge,62,2251,67000,1,45.46796036,9.181779861,7400,
562,lounge,51,790,31657,1,41.90322113,12.49565029,10200,
563,lounge,51,1155,55000,1,40.65832138,17.70716095,8400,
564,lounge,51,3623,109000,1,45.6563797,9.50508976,5990,
565,lounge,51,2374,86500,1,44.38822174,7.54832983,9300,
566,lounge,51,762,17800,1,40.85470963,14.37921047,10500,
567,lounge,51,4443,77918,1,45.06967926,7.704919815,5500,
568,lounge,51,3623,87166,1,44.39997101,8.274499893,5600,
569,pop,51,670,17000,1,45.36412811,11.9360199,10499,
570,pop,51,366,19000,1,45.49541855,12.15649033,8990,
571,pop,51,1066,65000,1,45.55258942,10.77200985,8300,
572,lounge,51,2223,58000,1,40.88721848,14.71391964,6500,
573,pop,51,366,11236,1,45.43811035,12.31814957,9800,
574,pop,51,2343,97000,1,40.92850113,14.20366955,5999,
575,lounge,51,640,39038,1,41.99634933,12.72344017,9800,
576,lounge,51,366,19112,1,41.90322113,12.49565029,10900,
577,lounge,51,2192,78000,1,45.59859848,9.164039612,7990,
578,pop,51,1127,36495,1,41.90322113,12.49565029,9480,
579,pop,51,2861,80000,1,40.85470963,14.37921047,7500,
580,lounge,51,2678,122000,1,41.11426163,16.48571014,5850,
581,sport,51,3258,120000,1,46.03120041,9.208310127,5300,
582,lounge,51,456,23000,1,40.8401413,14.25226021,9499,
583,lounge,51,1066,59961,1,41.80298996,12.59893036,7480,
584,pop,51,2374,73000,1,45.43811035,12.31814957,8900,
585,lounge,51,397,11997,1,43.78237152,11.25498962,9999,
586,lounge,51,640,40438,1,41.99634933,12.72344017,9800,
587,lounge,51,2982,36000,1,44.90724182,8.611559868,7500,
588,lounge,74,4658,118000,1,37.72546005,15.1842804,5500,
589,lounge,73,4566,120300,1,40.50030136,17.38249969,4900,
590,sport,51,3258,98660,1,40.74824142,14.52834988,6290,
591,lounge,51,731,33665,1,41.90322113,12.49565029,9980,
592,pop,51,1186,19000,1,41.11426163,16.48571014,8450,
593,lounge,51,1858,55476,1,43.87985992,10.78281021,8990,
594,lounge,51,425,13900,1,41.90322113,12.49565029,9970,
595,lounge,51,1066,59961,1,41.90322113,12.49565029,7480,
596,pop,51,2678,75000,1,45.43811035,12.31814957,6800,
597,pop,51,3347,85500,1,43.78237152,11.25498962,5699,
598,lounge,51,2739,85366,1,45.69522858,9.669509888,7400,
599,sport,73,4658,119000,1,44.83839035,11.61944008,4299,
600,pop,51,4322,120000,1,40.73484039,14.57341957,4399,
601,lounge,51,3927,117000,1,37.72546005,15.1842804,5500,
602,lounge,51,790,15716,1,45.13325882,7.632730007,10790,
603,pop,51,2039,57039,1,40.74824142,14.52834988,7590,
604,lounge,51,731,36303,1,41.90322113,12.49565029,9980,
605,lounge,51,670,29181,1,44.28387833,11.88813972,9790,
606,lounge,51,1492,46600,1,45.71659088,9.708080292,10600,
607,lounge,51,731,19800,1,40.80760956,14.50251007,9899,
608,lounge,51,425,17900,1,41.90322113,12.49565029,9970,
609,lounge,51,3227,70751,1,41.90322113,12.49565029,5900,
610,lounge,51,397,20450,1,45.43811035,12.31814957,10800,
611,pop,51,517,11000,1,40.92314148,14.3100996,10500,
612,pop,51,2313,75000,1,45.62813187,9.045459747,7400,
613,pop,51,1431,38800,1,44.90724182,8.611559868,7800,
614,lounge,51,1917,54250,1,41.63029099,15.92329025,6900,
615,pop,51,701,41000,1,44.75260925,8.155280113,9500,
616,lounge,51,670,28000,1,45.05659866,9.701760292,10200,
617,lounge,51,548,14181,1,40.74824142,14.52834988,9840,
618,lounge,51,701,14000,1,44.98873901,9.010499954,9790,
619,lounge,51,821,33224,1,45.59859848,9.164039612,9890,
620,pop,77,2435,28000,1,45.95497131,12.8429203,7999,
621,lounge,51,731,15150,1,45.6563797,9.50508976,10300,
622,lounge,51,2527,113396,1,45.63243103,8.888850212,6800,
623,lounge,51,3227,46000,1,41.99634933,12.72344017,6300,
624,lounge,51,3592,104000,1,45.05659866,9.701760292,6500,
625,lounge,51,4414,109381,1,43.81702042,10.68284988,5800,
626,lounge,51,3347,148000,1,41.90322113,12.49565029,5400,
627,lounge,62,3074,61000,1,45.51815033,10.35066986,8450,
628,pop,51,2343,39900,1,45.51256943,10.32901001,7900,
629,lounge,51,762,17000,1,45.05659866,9.701760292,9900,
630,lounge,62,3347,70340,1,40.74824142,14.52834988,6990,
631,pop,62,790,44000,1,41.77008057,12.22710991,8800,
632,lounge,51,609,21000,1,44.71540833,11.30830002,10900,
633,lounge,51,821,25922,1,45.59859848,9.164039612,9890,
634,pop,51,821,6700,1,42.45336914,14.14037991,8900,
635,lounge,51,701,20968,1,39.21453857,9.110489845,10500,
636,lounge,51,3013,80000,1,41.90322113,12.49565029,6500,
637,sport,51,4353,119000,1,45.04724121,9.128809929,5200,
638,pop,51,2374,54198,1,45.31200027,9.497010231,7800,
639,lounge,51,397,21276,1,45.35776901,9.612210274,10850,
640,lounge,51,4535,41500,1,45.06967926,7.704919815,4790,
641,pop,51,4322,76000,1,45.85166168,9.391869545,5500,
642,pop,62,1492,79000,1,43.89894867,11.00205994,8000,
643,lounge,62,2982,126003,1,45.06967926,7.704919815,5950,
644,lounge,51,1492,22404,1,40.74824142,14.52834988,8990,
645,lounge,51,852,53742,1,44.28387833,11.88813972,9290,
646,lounge,51,609,21000,1,44.71540833,11.30830002,10900,
647,lounge,51,821,33725,1,45.59859848,9.164039612,9890,
648,pop,51,670,22000,1,45.05659866,9.701760292,10490,
649,lounge,51,1521,28760,1,45.69115829,9.478070259,10300,
650,pop,51,4322,135000,1,41.90322113,12.49565029,4800,
651,sport,51,3684,137344,1,38.11273956,15.65174961,5500,
652,lounge,51,425,21248,1,41.90322113,12.49565029,10500,
653,lounge,51,366,20451,1,45.35776901,9.612210274,10850,
654,lounge,51,1096,28400,1,44.13837051,12.23882008,9900,
655,lounge,51,3227,95554,1,45.06967926,7.704919815,5900,
656,sport,73,4292,166716,1,43.55290985,10.31997967,4790,
657,lounge,51,762,39000,1,45.05659866,9.701760292,10200,
658,pop,51,4139,35151,1,40.8401413,14.25226021,6699,
659,lounge,51,670,37020,1,41.10787964,14.20880985,10900,
660,lounge,51,609,21000,1,44.71540833,11.30830002,10900,
661,lounge,51,821,30112,1,45.59859848,9.164039612,9890,
662,pop,51,731,25000,1,45.05659866,9.701760292,10490,
663,lounge,51,1492,23016,1,45.13167191,8.449170113,10000,
664,lounge,51,882,56779,1,41.90322113,12.49565029,10000,
665,lounge,51,2101,29897,1,40.92649078,14.4764204,8200,
666,lounge,51,425,15784,1,41.90322113,12.49565029,10800,
667,lounge,51,366,14366,1,45.35776901,9.612210274,10850,
668,pop,51,2769,72784,1,40.79727173,14.54360962,9890,
669,lounge,51,2647,50000,1,43.78237152,11.25498962,6900,
670,lounge,51,913,29000,1,45.77859116,8.946249962,8500,
671,sport,73,4414,104269,2,40.40106964,15.59286976,4999,
672,lounge,62,2892,99518,2,45.46796036,9.181779861,7990,
673,lounge,51,2861,23500,2,45.40943909,11.87170982,8200,
674,lounge,51,762,21000,1,44.71540833,11.30830002,10900,
675,pop,51,670,17000,1,45.64250183,12.16362,10499,
676,lounge,51,487,17800,1,45.35152817,10.84409046,11100,
677,lounge,51,762,18609,1,41.57223892,13.33368969,10250,
678,pop,51,701,39700,1,41.90322113,12.49565029,8800,
679,pop,51,3653,85000,1,45.60697174,9.629229546,4990,
680,lounge,51,425,15350,1,41.90322113,12.49565029,10800,
681,lounge,51,397,19296,1,45.35776901,9.612210274,10950,
682,lounge,51,762,28200,1,45.33407974,11.37687016,10250,
683,lounge,51,3684,132000,1,44.54637146,7.54008007,5900,
684,pop,51,578,17000,1,41.7690506,12.66281033,10500,
685,pop,51,943,35481,1,45.58409119,9.270959854,8650,
686,lounge,51,762,20900,1,44.90443039,8.199939728,10550,
687,lounge,51,3774,149000,1,45.95497131,12.8429203,5499,
688,lounge,51,731,19244,1,45.59614944,8.915809631,10200,
689,pop,51,670,17000,1,45.43811035,12.31814957,10499,
690,pop,51,701,25800,1,41.90322113,12.49565029,8900,
691,lounge,51,670,19746,1,41.57223892,13.33368969,10950,
692,lounge,51,456,12872,1,41.90322113,12.49565029,10800,
693,pop,51,1797,23400,1,45.66292953,11.60243034,7800,
694,lounge,51,425,15817,1,41.90322113,12.49565029,10800,
695,lounge,51,397,18575,1,45.35776901,9.612210274,10950,
696,lounge,51,3197,51083,1,45.5712204,9.159139633,5880,
697,lounge,51,2162,56900,1,45.88607025,13.29117012,7200,
698,lounge,74,4566,78000,1,45.46796036,9.181779861,5800,
699,pop,51,3988,103000,1,45.53266144,9.038920403,5700,
700,pop,51,2313,106905,1,45.32001114,10.57859039,6990,
701,pop,51,3592,149000,1,45.44424057,8.987319946,4299,
702,lounge,51,701,27100,1,41.90322113,12.49565029,10300,
703,lounge,51,425,21459,1,41.57223892,13.33368969,10950,
704,lounge,51,456,10320,1,41.90322113,12.49565029,10800,
705,lounge,51,2070,85134,1,45.06967926,7.704919815,6900,
706,lounge,51,397,16087,1,41.90322113,12.49565029,10800,
707,lounge,51,397,18740,1,45.35776901,9.612210274,10950,
708,lounge,51,3197,51083,1,45.5712204,9.159139633,5880,
709,pop,51,790,25000,1,42.46390915,14.21354008,9900,
710,lounge,51,3439,124000,1,45.6563797,9.50508976,5990,
711,lounge,51,2496,83000,1,41.11426163,16.48571014,6900,
712,lounge,51,3684,97000,1,45.95497131,12.8429203,6500,
713,lounge,51,762,22020,1,46.07004929,11.11925983,9900,
714,lounge,51,456,17253,1,45.77669144,9.065250397,9890,
715,pop,51,2039,82990,1,45.46796036,9.181779861,7990,
716,pop,51,366,16380,1,40.92649078,14.4764204,9950,
717,lounge,51,762,17484,1,45.5200386,9.757160187,9900,
718,lounge,51,1644,120000,1,45.21854019,12.27838993,6499,
719,lounge,51,2404,100000,1,45.73284912,11.78989029,6700,
720,lounge,51,425,14403,1,41.90322113,12.49565029,10800,
721,lounge,51,425,23638,1,45.35776901,9.612210274,10650,
722,lounge,51,790,28070,1,41.90322113,12.49565029,8650,
723,lounge,51,1339,39000,1,45.6095314,10.20856953,10450,
724,pop,51,4139,98405,1,40.91917038,14.15332031,4490,
725,pop,51,913,7500,1,39.21453857,9.110489845,10500,
726,lounge,51,3500,95000,1,45.98527908,13.19664383,6999,
727,lounge,51,456,21000,1,45.74602127,9.049969673,10900,
728,lounge,51,762,22760,1,40.82139969,14.12238026,9790,
729,lounge,51,2527,136626,1,41.64091873,13.35050011,7000,
730,lounge,51,609,8377,1,45.61869812,8.947460175,10870,
731,lounge,51,762,12337,1,43.78237152,11.25498962,10700,
732,pop,51,1035,64000,1,46.45465851,11.26266003,8250,
733,lounge,74,4596,121000,1,43.06753159,12.55154991,5500,
734,lounge,74,425,18822,1,41.90322113,12.49565029,10500,
735,pop,51,974,12500,1,39.21453857,9.110489845,10500,
736,sport,51,3684,124490,2,45.53266144,9.038920403,4790,
737,lounge,51,1096,57000,2,45.46796036,9.181779861,7900,
738,lounge,51,4322,83000,2,41.20460129,16.59963989,5600,
739,lounge,51,2223,117000,2,39.21453857,9.110489845,7900,
740,pop,51,1005,15000,2,41.90322113,12.49565029,11000,
741,lounge,51,640,23951,2,44.28387833,11.88813972,9790,
742,pop,51,1066,46000,2,45.00690079,7.541729927,8450,
743,lounge,51,821,17185,1,38.12207031,13.36112022,10500,
744,lounge,51,701,20216,1,44.38822174,7.54832983,10500,
745,pop,51,1858,33000,1,45.60868835,9.269809723,9800,
746,lounge,51,425,11416,1,41.90322113,12.49565029,11000,
747,lounge,51,3074,116000,1,45.4790802,8.819459915,5800,
748,lounge,51,2251,117000,1,40.83581161,14.50440979,6500,
749,pop,51,4474,56779,1,45.07107925,7.464029789,4490,
750,pop,51,790,40000,1,40.74029922,14.66654968,8700,
751,sport,62,3439,86000,1,39.21453857,9.110489845,7500,
752,pop,73,3592,65000,1,40.92850113,14.20366955,6500,
753,pop,51,4077,125000,1,43.75807953,11.18465996,4900,
754,lounge,51,456,17253,1,45.43610001,8.887869835,9890,
755,sport,51,790,30000,1,45.06967926,7.704919815,10690,
756,lounge,51,2922,60600,1,44.50482178,11.34517956,9500,
757,lounge,51,425,17770,1,41.40813828,13.76593971,10790,
758,lounge,51,4018,102841,1,38.22293854,15.38008976,6000,
759,pop,51,487,12811,1,45.77899933,12.99709034,9900,
760,lounge,51,425,7778,1,41.90322113,12.49565029,11000,
761,lounge,51,3774,119000,1,45.4790802,8.819459915,4800,
762,lounge,51,3592,111000,1,44.41038895,8.938980103,5499,
763,pop,51,1066,29176,1,40.73484039,14.57341957,7950,
764,lounge,62,3227,79000,1,40.96617889,17.11647987,8500,
765,lounge,51,3957,117000,1,39.21453857,9.110489845,8500,
766,pop,51,2616,99999,1,45.68421173,12.37557983,7500,
767,pop,51,3197,98000,1,45.43811035,12.31814957,5900,
768,lounge,51,762,25100,1,44.09373856,12.39601994,10900,
769,lounge,51,2588,52000,1,44.55202866,7.725810051,7450,
770,lounge,51,670,33000,1,41.90322113,12.49565029,10470,
771,pop,51,366,21000,1,45.58409119,9.270959854,9900,
772,lounge,51,640,37428,1,41.10787964,14.20880985,9400,
773,pop,51,3957,95200,1,43.78237152,11.25498962,5300,
774,lounge,51,2953,121000,1,41.8230896,12.80220985,7495,
775,lounge,51,4169,100000,1,40.86045837,14.52779961,4300,
776,sport,51,2588,51000,1,45.53659058,10.23204041,7900,
777,lounge,51,762,17000,1,44.55202866,7.725810051,9850,
778,pop,51,1400,25315,1,45.06967926,7.704919815,8200,
779,lounge,62,3074,129000,1,45.07014847,11.78954983,5799,
780,pop,51,1370,91743,1,44.50883865,11.46907997,7450,
781,lounge,51,4414,140000,1,44.09373856,12.39601994,5500,
782,lounge,51,670,40000,1,41.90322113,12.49565029,9970,
783,lounge,51,425,19201,1,40.63722992,15.7992897,10800,
784,pop,51,1766,45000,1,45.43830109,10.99170017,8000,
785,lounge,51,670,32717,1,41.10787964,14.20880985,9400,
786,lounge,51,397,14994,1,45.35776901,9.612210274,10950,
787,lounge,51,2192,86500,1,45.56373978,9.97453022,6800,
788,sport,51,3227,66000,1,41.07221985,14.02285004,5800,
789,lounge,51,762,60000,2,45.32001114,10.57859039,9400,
790,lounge,51,821,19000,2,44.55202866,7.725810051,10050,
791,lounge,51,2251,62061,2,45.06967926,7.704919815,7400,
792,lounge,51,456,19834,1,41.90322113,12.49565029,9100,
793,pop,51,4383,30000,1,45.55812073,9.213609695,6900,
794,lounge,51,1858,64000,1,43.78237152,11.25498962,7700,
795,lounge,51,670,33000,1,41.90322113,12.49565029,10470,
796,lounge,51,790,33232,1,42.94897842,13.87775993,9900,
797,lounge,51,701,20300,1,45.68825912,8.731450081,10700,
798,lounge,51,701,32633,1,41.10787964,14.20880985,8900,
799,lounge,51,3258,49204,1,43.78451157,10.92465973,6900,
800,lounge,51,2831,26000,1,44.69559097,10.64124966,7450,
801,lounge,51,2192,86500,1,45.49134827,10.21743965,6800,
802,lounge,51,731,23000,1,44.13837051,12.23882008,9950,
803,sport,51,3500,60000,2,45.32001114,10.57859039,6900,
804,lounge,51,762,16000,2,44.55202866,7.725810051,9850,
805,pop,51,366,10295,1,41.90322113,12.49565029,10100,
806,lounge,51,456,13238,1,41.90322113,12.49565029,9100,
807,lounge,51,701,28975,1,45.35438919,11.86925983,9700,
808,lounge,51,701,19000,1,40.67237854,14.72821999,9999,
809,pop,51,731,42990,1,44.50883865,11.46907997,9300,
810,lounge,51,425,20066,1,45.72071838,7.321430206,10950,
811,lounge,51,790,18840,1,41.90322113,12.49565029,8900,
812,lounge,51,640,38722,1,41.10787964,14.20880985,8900,
813,sport,62,3044,98000,1,45.70610046,11.80737019,6000,
814,lounge,51,3623,99000,1,44.29430008,9.674440384,5800,
815,pop,51,2009,73000,1,41.72117996,12.67368031,8700,
816,lounge,51,3378,130000,1,45.74349976,11.65355968,6100,
817,lounge,51,852,37657,1,43.20687866,13.28464031,10400,
818,pop,51,4566,86000,1,45.06967926,7.704919815,5450,
819,lounge,51,2527,58247,1,45.06967926,7.704919815,8500,
820,lounge,51,790,34963,1,45.70724869,11.4776001,9700,
821,lounge,51,3988,31487,1,45.32001114,10.57859039,5900,
822,lounge,51,1127,37000,1,40.67237854,14.72821999,10500,
823,lounge,51,2192,69000,1,41.90322113,12.49565029,7500,
824,lounge,51,790,30365,1,41.90322113,12.49565029,8650,
825,lounge,51,640,35983,1,41.10787964,14.20880985,9400,
826,pop,51,2647,62000,1,41.90322113,12.49565029,6500,
827,sport,62,2953,102800,1,45.0007019,7.68227005,6600,
828,lounge,51,790,29220,1,41.90322113,12.49565029,8650,
829,lounge,51,1308,31750,1,43.20687866,13.28464031,9800,
830,pop,51,731,47725,1,44.00579071,12.65631962,10350,
831,lounge,51,1521,27206,1,45.28242111,9.931300163,9950,
832,lounge,51,701,20000,1,45.64250183,12.16362,9800,
833,pop,51,2496,89000,1,40.66714096,16.60445023,8800,
834,lounge,51,790,28191,1,43.52902985,12.16218376,9490,
835,lounge,51,2251,73453,4,45.06312943,7.57679987,7300,
836,pop,51,366,16500,1,45.61186981,8.85474968,10500,
837,pop,51,366,11000,1,45.05659866,9.701760292,9900,
838,lounge,51,609,31801,1,41.10787964,14.20880985,9400,
839,lounge,51,790,47524,1,45.70724869,11.4776001,9900,
840,lounge,51,3258,71000,1,45.50646973,8.815190315,7500,
841,lounge,51,366,13180,1,41.90322113,12.49565029,10100,
842,lounge,51,821,29560,1,41.90322113,12.49565029,10400,
843,pop,62,2282,117000,1,45.50944901,9.088700294,7100,
844,pop,51,1066,64700,1,45.53659058,10.23204041,8800,
845,lounge,51,762,33245,1,41.10787964,14.20880985,10900,
846,lounge,51,425,18641,1,45.70724869,11.4776001,10500,
847,lounge,51,1400,21000,1,41.80298996,12.59893036,9590,
848,lounge,51,487,2790,1,45.76697922,11.73840046,10400,
849,lounge,51,3197,85373,1,45.06312943,7.57679987,5900,
850,lounge,51,640,5591,1,46.01776123,11.90305996,10500,
851,lounge,51,1766,66000,1,41.90322113,12.49565029,8900,
852,lounge,51,701,35098,1,41.10787964,14.20880985,8900,
853,lounge,51,1035,33000,1,41.66950989,12.50222969,9999,
854,lounge,62,3013,73799,1,42.74776077,13.88801956,5500,
855,lounge,51,4292,65000,1,44.58037186,10.73155022,5000,
856,lounge,51,790,29395,1,41.90322113,12.49565029,8650,
857,pop,62,3562,87000,1,44.06312943,12.44701004,3990,
858,lounge,51,821,28000,1,45.64572144,11.78437042,9900,
859,pop,51,1644,41195,1,41.90322113,12.49565029,8500,
860,lounge,51,456,22000,1,45.96057129,8.449370384,10490,
861,pop,51,3409,118000,1,44.09373856,12.39601994,5500,
862,lounge,51,821,26333,1,41.60960007,12.54716969,9800,
863,pop,62,2892,90211,2,45.06312943,7.57679987,6800,
864,lounge,51,640,5591,1,45.40943909,11.87170982,10500,
865,lounge,51,670,35016,1,41.10787964,14.20880985,9400,
866,lounge,51,3623,97000,1,45.46796036,9.181779861,5300,
867,lounge,51,2678,93000,1,45.13882065,9.054120064,5900,
868,sport,51,3347,86000,1,45.56449127,10.11561012,5999,
869,lounge,51,821,29370,1,41.90322113,12.49565029,10400,
870,lounge,51,2131,79000,1,40.85470963,14.37921047,8190,
871,lounge,51,3470,71500,1,41.46273041,12.90528011,6700,
872,sport,73,4292,172000,1,41.90322113,12.49565029,4500,
873,lounge,51,762,41827,1,45.6835289,11.95294952,9500,
874,lounge,51,1886,59800,1,45.7832489,12.48812008,7900,
875,lounge,62,3227,152577,1,40.74824142,14.52834988,6190,
876,lounge,51,640,5591,1,45.92216873,12.36149979,10500,
877,lounge,51,670,32855,1,41.10787964,14.20880985,9400,
878,pop,51,943,55000,1,45.77859116,8.946249962,7500,
879,pop,51,1492,83063,1,44.50883865,11.46907997,7450,
880,pop,51,366,25955,1,45.46796036,9.181779861,10390,
881,lounge,51,1858,42000,2,41.66950989,12.50222969,8400,
882,lounge,51,2496,60000,2,40.85470963,14.37921047,6490,
883,pop,51,790,45012,2,41.10787964,14.20880985,8500,
884,lounge,51,2374,100000,1,40.92850113,14.20366955,5900,
885,lounge,51,762,19785,1,45.35438919,11.86925983,9500,
886,lounge,51,731,26521,1,42.10424042,13.60245895,10500,
887,lounge,51,456,21907,1,43.4397583,13.60725975,10800,
888,lounge,51,2831,41000,1,41.15206146,15.08308983,7900,
889,pop,51,456,23000,1,41.90322113,12.49565029,9970,
890,lounge,51,701,41740,1,41.10787964,14.20880985,9400,
891,pop,51,1066,64500,1,45.56040955,8.059780121,7900,
892,lounge,51,456,13716,1,45.39360046,10.48223972,10900,
893,pop,51,790,32130,1,37.51858139,15.00710964,10900,
894,pop,51,4200,131000,1,45.03190994,9.241109848,4500,
895,pop,51,790,52274,1,41.10787964,14.20880985,8500,
896,lounge,51,1035,40000,1,41.90322113,12.49565029,8900,
897,pop,51,1492,91232,1,44.50883865,11.46907997,7450,
898,lounge,51,425,17300,1,41.20264816,13.85301018,9900,
899,pop,51,2009,58644,1,40.74824142,14.52834988,7390,
900,lounge,51,3835,100000,1,44.71783829,8.287130356,5200,
901,pop,51,397,19000,1,41.90322113,12.49565029,9970,
902,lounge,51,548,12000,1,43.86373901,7.853020191,9990,
903,lounge,51,670,43814,1,41.10787964,14.20880985,9400,
904,lounge,51,366,9248,1,40.82139969,14.12238026,10000,
905,pop,51,2435,130000,1,41.77008057,12.22710991,5900,
906,lounge,51,762,10400,1,44.90724182,8.611559868,9900,
907,lounge,51,1370,27512,1,45.62984848,9.155119896,9490,
908,sport,51,4414,177000,1,46.49528122,11.35346031,5400,
909,lounge,51,1005,47800,1,41.46273041,12.90528011,10300,
910,lounge,51,3197,114500,1,46.07004929,11.11925983,7790,
911,lounge,51,1766,56205,1,44.50883865,11.46907997,9300,
912,sport,51,3712,130000,2,45.76197052,11.43605042,6000,
913,lounge,51,4049,111498,4,45.64609909,10.49915981,6500,
914,sport,73,4322,128000,1,45.06967926,7.704919815,4400,
915,pop,51,397,18000,1,41.90322113,12.49565029,9970,
916,lounge,51,397,17081,1,45.06967926,7.704919815,10900,
917,lounge,51,670,41260,1,41.10787964,14.20880985,9400,
918,lounge,51,366,9248,1,40.9952507,17.21916008,10000,
919,lounge,51,1644,58243,1,45.43811035,12.31814957,9300,
920,lounge,51,2861,84500,1,45.51256943,10.32901001,6500,
921,pop,51,4322,132848,1,45.63243103,8.888850212,4900,
922,lounge,51,3865,120000,1,45.50054932,9.326600075,4500,
923,lounge,51,701,24446,1,40.40106964,15.59286976,10399,
924,lounge,51,3258,77000,1,39.93104172,18.36047935,6900,
925,pop,51,1370,106074,1,44.50883865,11.46907997,7450,
926,sport,58,3684,62000,1,45.5198288,9.365619659,5800,
927,lounge,51,3592,83721,1,40.83581161,14.50440979,5990,
928,lounge,51,670,21000,1,43.71086121,10.78357983,10800,
929,pop,51,4627,148000,1,45.35660172,9.203450203,3500,
930,lounge,51,1492,30795,1,45.14241028,10.01521015,10700,
931,lounge,51,670,36832,1,41.10787964,14.20880985,8900,
932,lounge,51,1644,47500,1,44.90724182,8.611559868,9500,
933,lounge,62,3347,94000,1,41.90322113,12.49565029,5800,
934,lounge,51,4230,103518,1,45.43811035,12.31814957,4500,
935,pop,51,2192,98000,1,45.42673111,9.064720154,6900,
936,pop,73,4658,165000,2,45.58409119,9.270959854,3600,
937,lounge,51,4658,56779,2,45.25130844,10.66870022,10900,
938,pop,51,2861,77550,1,45.72039032,12.46597958,7100,
939,pop,51,1492,88639,1,44.50883865,11.46907997,7450,
940,pop,51,762,18000,1,41.90322113,12.49565029,8399,
941,lounge,51,2162,71000,1,41.90322113,12.49565029,6890,
942,lounge,51,2496,75000,1,45.57373047,8.913009644,6900,
943,lounge,51,397,16100,1,41.90322113,12.49565029,9970,
944,lounge,51,1613,65453,1,45.65016174,9.205189705,9900,
945,lounge,51,670,35804,1,41.10787964,14.20880985,8900,
946,lounge,51,366,9248,1,38.12207031,13.36112022,10000,
947,lounge,62,2922,99400,1,44.64805984,7.650589943,5700,
948,lounge,51,397,15042,1,45.43811035,12.31814957,10800,
949,pop,51,2739,84000,1,45.42673111,9.064720154,7300,
950,lounge,51,790,32000,1,41.57223892,13.33368969,9490,
951,lounge,51,762,36463,1,41.10787964,14.20880985,10900,
952,lounge,51,3684,78000,1,43.55290985,10.31997967,6500,
953,lounge,51,2009,35552,1,42.56283188,12.64220047,8900,
954,lounge,51,2739,93000,1,45.74077988,9.581009865,8800,
955,lounge,51,456,9097,1,45.81475067,8.830129623,10700,
956,lounge,51,790,34000,1,44.98553085,7.870960236,10500,
957,lounge,51,790,26210,1,41.90322113,12.49565029,8750,
958,lounge,62,3013,90000,1,45.06967926,7.704919815,7300,
959,lounge,51,640,33141,1,41.10787964,14.20880985,8900,
960,lounge,51,366,9248,1,43.78237152,11.25498962,10000,
961,pop,51,4414,201000,1,45.14113998,9.10807991,2500,
962,lounge,51,1978,59000,1,44.98873901,9.010499954,7190,
963,pop,51,2831,83000,1,46.49528122,11.35346031,6800,
964,lounge,51,731,10400,1,44.0098114,10.59037018,10800,
965,lounge,51,731,17000,1,45.25130844,10.66870022,9100,
966,lounge,51,2831,50247,1,44.05541992,12.57003975,7380,
967,lounge,51,3227,78000,1,44.11185837,9.958860397,7800,
968,lounge,51,1858,60000,1,41.35784912,13.42463017,8900,
969,pop,51,731,34300,1,41.45072174,12.62502003,9490,
970,lounge,51,790,29340,1,41.90322113,12.49565029,8650,
971,lounge,51,701,29000,1,36.85583878,14.76047039,10700,
972,pop,51,517,18000,1,40.91075134,14.50899029,10900,
973,lounge,51,640,37307,1,41.10787964,14.20880985,8900,
974,lounge,51,1096,50290,1,41.90322113,12.49565029,7100,
975,lounge,51,701,19000,1,40.73484039,14.57341957,9499,
976,pop,51,1978,53243,1,44.28387833,11.88813972,8990,
977,lounge,51,1613,12400,1,45.45331955,10.40966988,10500,
978,lounge,51,731,26200,1,44.0098114,10.59037018,10800,
979,lounge,51,731,15000,1,45.25130844,10.66870022,9100,
980,lounge,51,762,9900,1,45.70759964,8.911669731,10950,
981,sport,62,2800,6200,1,43.37266159,13.21980953,7500,
982,pop,51,762,15600,1,41.90322113,12.49565029,9900,
983,pop,73,3623,133000,1,45.46796036,9.181779861,6300,
984,lounge,51,821,29520,1,41.90322113,12.49565029,10400,
985,sport,51,4139,87000,1,41.90322113,12.49565029,5900,
986,pop,51,1766,55519,1,45.12158966,7.81551981,8700,
987,lounge,51,701,38315,1,41.10787964,14.20880985,9400,
988,lounge,51,366,9248,1,45.00674057,8.924189568,10000,
989,lounge,51,1066,58600,1,44.90724182,8.611559868,8500,
990,lounge,51,609,47989,1,41.10787964,14.20880985,9800,
991,lounge,51,670,52400,1,43.25386047,11.81614971,8800,
992,lounge,51,670,21000,1,44.0098114,10.59037018,10800,
993,lounge,51,3835,96700,1,41.46273041,12.90528011,6300,
994,lounge,51,821,14500,1,41.90322113,12.49565029,10600,
995,lounge,51,790,40100,1,45.33407974,11.37687016,10200,
996,pop,51,701,13947,1,45.43811035,12.31814957,9700,
997,lounge,51,2192,106000,1,40.56388855,17.33919907,7500,
998,sport,51,3470,139750,3,41.2329483,16.29486084,5800,
999,pop,51,731,56000,3,40.8401413,14.25226021,8900,
1000,pop,51,2070,97677,1,42.51440811,14.14770985,7790,
1001,lounge,51,670,23458,1,41.10787964,14.20880985,9400,
1002,lounge,51,366,9248,1,39.21453857,9.110489845,10000,
1003,pop,51,2404,85000,1,43.52902985,12.16218376,6499,
1004,lounge,51,609,45053,1,41.10787964,14.20880985,9600,
1005,lounge,51,3227,68000,1,39.84526062,18.36552048,7450,
1006,pop,51,731,17400,1,44.0098114,10.59037018,10800,
1007,lounge,51,2466,47524,1,45.06967926,7.704919815,7950,
1008,sport,62,3074,112117,1,45.25228119,8.742609978,8900,
1009,pop,62,1797,32000,1,40.91109085,14.39820957,10500,
1010,lounge,51,456,13000,1,45.96057129,8.449370384,10490,
1011,lounge,51,3347,138000,2,45.5320015,9.28153038,4600,
1012,pop,51,4169,143253,2,43.70996094,10.3994503,3900,
1013,pop,51,2404,80613,2,41.90322113,12.49565029,6900,
1014,lounge,51,3227,140000,2,41.7690506,12.66281033,4800,
1015,lounge,51,609,34782,2,41.10787964,14.20880985,8900,
1016,lounge,51,366,9248,1,44.50482178,11.34517956,10000,
1017,sport,51,4261,105000,1,45.69655991,9.064319611,4900,
1018,lounge,51,670,36900,1,40.91411972,14.26638985,8900,
1019,lounge,51,366,12000,1,42.09685898,11.78981018,9990,
1020,pop,51,1492,59000,1,44.0098114,10.59037018,7500,
1021,lounge,51,1492,56779,1,45.25130844,10.66870022,10900,
1022,lounge,51,4200,110000,1,41.90322113,12.49565029,4999,
1023,lounge,51,425,19570,1,45.6835289,11.95294952,10500,
1024,lounge,51,790,33869,1,43.52902985,12.16218376,9490,
1025,pop,51,701,39162,1,45.5712204,9.159139633,9780,
1026,lounge,51,3743,128000,1,37.50395966,14.96681023,6700,
1027,pop,51,4049,163000,1,45.66228104,9.631299973,4900,
1028,lounge,51,1066,69000,1,41.90322113,12.49565029,8900,
1029,lounge,51,670,42207,1,41.10787964,14.20880985,8900,
1030,lounge,51,4414,149326,1,45.81071091,9.08714962,3900,
1031,pop,51,2739,91000,1,45.69655991,9.064319611,7800,
1032,lounge,51,2466,110000,1,45.06967926,7.704919815,5990,
1033,pop,51,1886,33530,1,40.82139969,14.12238026,7300,
1034,lounge,51,670,26500,1,44.0098114,10.59037018,10800,
1035,lounge,51,670,56779,1,45.25130844,10.66870022,10900,
1036,lounge,51,1797,71800,1,45.81475067,8.830129623,9300,
1037,pop,51,2039,47000,1,43.52902985,12.16218376,7490,
1038,sport,51,701,39162,1,40.75220871,14.45341015,9879,
1039,lounge,51,790,36624,1,45.02238846,7.586019993,8990,
1040,lounge,51,1155,27944,1,45.49134827,10.21743965,9900,
1041,pop,51,701,42000,1,45.67449188,12.15540028,8450,
1042,lounge,51,640,38231,1,41.10787964,14.20880985,8900,
1043,lounge,51,2616,56000,1,45.58409119,9.270959854,7699,
1044,pop,51,3835,160000,1,45.57213974,9.768670082,5700,
1045,lounge,51,762,60000,2,45.43830109,10.99170017,9400,
1046,pop,51,366,19500,2,44.0098114,10.59037018,9900,
1047,lounge,51,790,28291,1,40.40106964,15.59286976,9499,
1048,pop,51,1552,54000,1,43.46353912,11.87765026,11000,
1049,lounge,51,456,22172,1,44.41175842,12.2040596,10900,
1050,lounge,51,2466,83490,3,43.52902985,12.16218376,6490,
1051,pop,51,701,39162,3,40.75220871,14.45341015,9879,
1052,sport,51,4049,98000,1,41.90322113,12.49565029,5500,
1053,lounge,51,731,17400,1,45.64250183,12.16362,9800,
1054,lounge,51,640,34419,1,41.10787964,14.20880985,8900,
1055,lounge,51,762,18467,1,40.40106964,15.59286976,9999,
1056,lounge,51,397,13546,1,41.90322113,12.49565029,9550,
1057,pop,51,670,45400,1,43.88188934,10.80235004,10500,
1058,sport,51,3500,60000,2,45.43830109,10.99170017,6900,
1059,pop,51,4474,119000,2,45.6563797,9.50508976,4700,
1060,pop,51,4049,140000,2,40.40106964,15.59286976,5700,
1061,lounge,51,2527,117000,2,45.78366852,8.967240334,7885,
1062,lounge,51,1278,24162,1,45.06967926,7.704919815,8990,
1063,lounge,51,821,32150,1,45.51285172,9.980259895,10400,
1064,sport,51,701,56779,1,41.90322113,12.49565029,10180,
1065,lounge,51,821,14900,1,45.64250183,12.16362,9800,
1066,lounge,51,2101,80133,1,45.46796036,9.181779861,7990,
1067,lounge,51,670,35985,1,41.10787964,14.20880985,8900,
1068,lounge,51,397,13017,1,41.90322113,12.49565029,9550,
1069,lounge,51,366,7200,1,41.90322113,12.49565029,10500,
1070,pop,51,366,11200,1,45.54597855,12.16055965,9490,
1071,lounge,51,456,16000,1,45.96057129,8.449370384,10490,
1072,pop,51,2527,106000,1,45.76464844,8.99450016,6900,
1073,lounge,51,2647,70000,1,43.52130127,11.56849003,7500,
1074,lounge,51,456,21907,1,45.39360046,10.48223972,10900,
1075,pop,51,1066,16000,1,45.76197052,11.43605042,9500,
1076,sport,51,701,39162,1,41.80298996,12.59893036,10180,
1077,lounge,51,456,15344,1,45.77669144,9.065250397,9890,
1078,lounge,51,790,34629,1,45.46796036,9.181779861,10490,
1079,lounge,51,2131,64678,1,45.06967926,7.704919815,7490,
1080,lounge,51,640,39332,1,41.10787964,14.20880985,9400,
1081,lounge,51,397,13546,1,41.90322113,12.49565029,9550,
1082,lounge,51,701,34027,1,44.71540833,11.30830002,10500,
1083,lounge,51,821,28220,1,41.90322113,12.49565029,10400,
1084,sport,51,3166,90000,1,40.66714096,16.60445023,6500,
1085,lounge,51,701,10000,1,43.84197998,10.51531029,9800,
1086,lounge,51,456,18253,1,45.39360046,10.48223972,10900,
1087,pop,51,366,17000,1,45.0007019,7.68227005,10200,
1088,pop,51,701,56779,1,41.90322113,12.49565029,10180,
1089,lounge,51,456,11511,1,45.77669144,9.065250397,9890,
1090,lounge,51,882,33160,1,45.77899933,12.99709034,9900,
1091,lounge,51,821,30510,1,41.90322113,12.49565029,10400,
1092,lounge,51,670,42329,1,41.10787964,14.20880985,9400,
1093,pop,51,1339,32000,1,41.90322113,12.49565029,7990,
1094,lounge,51,670,34825,1,44.71540833,11.30830002,10500,
1095,lounge,51,790,26220,1,41.90322113,12.49565029,8750,
1096,lounge,51,670,28642,1,45.60982895,9.147000313,9990,
1097,lounge,51,1461,36000,1,41.90322113,12.49565029,9300,
1098,lounge,51,762,13590,1,44.50482178,11.34517956,10500,
1099,pop,51,701,39162,1,41.80298996,12.59893036,10180,
1100,lounge,51,397,18324,1,45.77669144,9.065250397,9990,
1101,lounge,51,821,18990,1,41.90322113,12.49565029,10700,
1102,lounge,51,640,38294,1,41.10787964,14.20880985,8900,
1103,pop,51,3684,116000,1,45.0007019,7.68227005,4900,
1104,lounge,51,640,33630,1,44.71540833,11.30830002,10500,
1105,lounge,51,821,26390,1,41.90322113,12.49565029,10500,
1106,lounge,51,670,28181,1,45.60982895,9.147000313,9990,
1107,lounge,51,1247,23000,1,41.90322113,12.49565029,10600,
1108,lounge,51,1035,22000,1,41.05591965,14.29944038,9500,
1109,lounge,51,4108,90000,1,45.78366852,8.967240334,5000,
1110,lounge,51,2070,114000,1,45.53659058,10.23204041,7000,
1111,lounge,51,397,18900,1,45.19216156,11.21302032,10900,
1112,lounge,51,670,30000,1,45.76464844,8.99450016,10800,
1113,lounge,51,609,44208,1,41.10787964,14.20880985,9500,
1114,lounge,51,609,114000,1,40.84590149,14.36927032,4600,
1115,lounge,51,640,33389,1,41.10787964,14.20880985,8900,
1116,sport,73,4414,190000,1,41.90322113,12.49565029,3800,
1117,pop,51,4414,119000,1,45.50133896,9.025719643,4490,
1118,lounge,51,640,41000,1,43.06753159,12.55154991,10800,
1119,pop,51,1886,33530,1,40.9921608,14.21393013,7300,
1120,lounge,51,670,30357,1,45.60982895,9.147000313,9990,
1121,pop,51,731,39900,1,45.57402039,10.00240993,9850,
1122,lounge,51,1035,25000,1,41.05591965,14.29944038,9500,
1123,pop,51,790,36060,1,45.46796036,9.181779861,9990,
1124,lounge,51,1308,49000,1,45.46796036,9.181779861,9490,
1125,lounge,51,762,41110,1,42.10424042,13.60245895,10300,
1126,pop,51,2374,108000,1,45.78366852,8.967240334,7400,
1127,lounge,51,701,39207,1,41.10787964,14.20880985,8900,
1128,pop,51,2343,82000,1,45.60697174,9.629229546,6490,
1129,pop,51,1066,66000,1,40.8401413,14.25226021,7900,
1130,pop,51,790,39144,1,45.70724869,11.4776001,9700,
1131,lounge,51,1127,24000,1,40.3579483,18.16801071,10990,
1132,lounge,51,790,30779,1,45.29212189,12.03197956,10490,
1133,lounge,51,1217,56779,1,45.66635895,12.24188995,10800,
1134,lounge,51,762,22770,1,45.53266144,9.038920403,10900,
1135,pop,51,366,17845,1,45.46796036,9.181779861,9800,
1136,lounge,51,456,11511,1,45.43610001,8.887869835,9890,
1137,pop,51,701,47600,1,41.8230896,12.80220985,8500,
1138,lounge,51,4049,158000,1,40.94717026,14.37254047,4500,
1139,lounge,51,640,32328,1,41.10787964,14.20880985,8900,
1140,pop,51,3804,110000,1,45.77658844,12.04730034,3900,
1141,lounge,51,2861,65000,1,39.69966125,9.577730179,5800,
1142,lounge,51,3684,134000,1,44.50482178,11.34517956,5500,
1143,lounge,51,1005,28000,1,44.09373856,12.39601994,9800,
1144,sport,51,4535,133900,1,44.03533173,10.13949013,5900,
1145,lounge,77,1674,32654,1,40.8401413,14.25226021,9990,
1146,lounge,51,456,14970,1,45.81475067,8.830129623,10700,
1147,lounge,51,397,18324,1,45.43610001,8.887869835,9990,
1148,lounge,74,3957,235000,1,45.96493149,12.6445303,5700,
1149,lounge,51,2739,82000,1,45.63032913,12.56696033,6900,
1150,lounge,51,397,11997,1,41.08335114,16.77858925,9999,
1151,lounge,51,366,17559,1,45.43811035,12.31814957,10800,
1152,lounge,51,366,13464,1,45.36685944,10.21848011,9699,
1153,lounge,51,1066,59961,1,40.75220871,14.45341015,7479,
1154,lounge,51,425,16805,1,40.8401413,14.25226021,10690,
1155,lounge,51,701,14500,1,45.43811035,12.31814957,10000,
1156,sport,51,4474,88578,1,40.3579483,18.16801071,5790,
1157,lounge,51,4322,116210,1,45.78366852,8.967240334,6250,
1158,pop,51,1066,65689,1,44.50883865,11.46907997,8500,
1159,lounge,51,1155,53000,1,45.46796036,9.181779861,9990,
1160,lounge,51,670,30000,1,45.76464844,8.99450016,10800,
1161,lounge,51,456,15344,1,45.43610001,8.887869835,9890,
1162,pop,51,397,17000,1,41.90322113,12.49565029,9970,
1163,pop,51,1736,50059,1,41.90322113,12.49565029,7350,
1164,lounge,51,397,11997,1,41.90322113,12.49565029,9999,
1165,lounge,51,397,19510,1,45.43811035,12.31814957,10800,
1166,lounge,51,397,14796,1,45.36685944,10.21848011,9999,
1167,lounge,51,701,19000,1,40.73484039,14.57341957,9299,
1168,pop,51,2192,69000,1,41.46273041,12.90528011,6900,
1169,lounge,51,821,14630,1,44.09373856,12.39601994,10900,
1170,pop,51,1431,87000,1,44.50883865,11.46907997,7450,
1171,lounge,51,3835,124000,1,45.69522858,9.669509888,5200,
1172,lounge,51,670,31000,1,45.76464844,8.99450016,10800,
1173,lounge,51,3319,129000,1,43.88206863,11.10035038,5800,
1174,lounge,51,3197,72900,1,45.43244934,9.10958004,8500,
1175,pop,51,366,14730,1,44.51242828,11.12837982,9500,
1176,lounge,51,397,11997,1,45.66635895,12.24188995,9999,
1177,lounge,51,397,12473,1,45.43811035,12.31814957,10800,
1178,lounge,51,1431,30200,1,44.50482178,11.34517956,9900,
1179,lounge,51,640,40600,1,43.06753159,12.55154991,10800,
1180,lounge,74,3804,62000,1,45.07133102,7.515940189,5900,
1181,lounge,51,366,14500,1,45.43811035,12.31814957,10100,
1182,pop,51,2831,79271,1,40.3579483,18.16801071,8490,
1183,lounge,51,2831,134000,1,40.9556694,14.53141022,5800,
1184,lounge,51,790,33597,1,45.46796036,9.181779861,9790,
1185,lounge,51,1005,51000,1,40.91136169,14.21119976,8799,
1186,lounge,51,670,30000,1,45.76464844,8.99450016,10800,
1187,lounge,51,1827,81600,1,40.56082916,17.80801964,6490,
1188,lounge,51,821,26330,1,41.90322113,12.49565029,10500,
1189,lounge,51,1217,28000,1,40.65832138,17.70716095,8600,
1190,lounge,51,366,13269,1,45.43811035,12.31814957,10800,
1191,lounge,51,2131,59000,1,42.10237122,12.17640018,8400,
1192,pop,51,731,33961,1,45.65993118,8.792559624,10200,
1193,lounge,51,425,24500,1,45.43811035,12.31814957,10100,
1194,pop,51,3623,77000,1,45.63404083,10.19487,7990,
1195,lounge,51,1155,32000,1,41.68379974,12.77451992,8900,
1196,lounge,51,1827,39439,1,45.66067886,10.06460953,9400,
1197,pop,51,366,19220,1,45.43811035,12.31814957,9800,
1198,sport,51,4261,95000,1,43.37266159,13.21980953,4800,
1199,lounge,51,1155,38000,1,41.2392807,13.93301964,8999,
1200,lounge,51,640,33000,1,45.40507126,9.927339554,9900,
1201,lounge,51,701,42915,1,45.06967926,7.704919815,9500,
1202,pop,51,790,50740,1,40.87142944,14.43896008,8300,
1203,lounge,51,456,19494,1,44.38822174,7.54832983,10900,
1204,pop,51,1766,80000,1,42.10237122,12.17640018,7500,
1205,lounge,51,2162,78817,1,45.40943909,11.87170982,8500,
1206,lounge,51,731,20000,1,41.57223892,13.33368969,9900,
1207,lounge,51,670,24598,1,45.43811035,12.31814957,10000,
1208,pop,51,731,25000,1,41.72117996,12.67368031,10400,
1209,lounge,51,2861,108000,2,43.56518173,11.17848015,6900,
1210,lounge,51,2251,57688,2,45.73727036,11.38978958,8800,
1211,lounge,51,456,13250,2,42.10237122,12.17640018,10890,
1212,lounge,51,1155,40700,1,41.90322113,12.49565029,8750,
1213,lounge,51,670,29000,1,45.40507126,9.927339554,9900,
1214,lounge,51,1186,14500,1,41.90322113,12.49565029,10990,
1215,pop,51,790,42259,1,40.87142944,14.43896008,8300,
1216,lounge,51,670,5140,1,44.90724182,8.611559868,9500,
1217,lounge,51,3653,122649,1,44.64313126,10.9340601,5300,
1218,lounge,51,3227,54877,1,45.53659058,10.23204041,9900,
1219,lounge,51,882,25000,1,44.90724182,8.611559868,8900,
1220,lounge,51,3074,98000,1,45.60689163,9.306619644,6500,
1221,lounge,51,2101,46000,1,43.56518173,11.17848015,9200,
1222,lounge,51,821,15546,1,41.90322113,12.49565029,9500,
1223,pop,51,1278,41000,1,40.74824142,14.52834988,7799,
1224,lounge,51,640,33007,1,41.10787964,14.20880985,9700,
1225,pop,51,517,23000,1,45.06967926,7.704919815,10990,
1226,pop,51,2282,85000,1,45.6835289,11.95294952,8400,
1227,lounge,51,366,11500,1,44.51242828,11.12837982,10400,
1228,pop,51,366,19455,1,45.51256943,10.32901001,9500,
1229,lounge,51,397,15999,1,45.36685944,10.21848011,9999,
1230,lounge,51,3135,89000,1,46.16872025,12.70748997,6900,
1231,lounge,51,2162,78817,1,45.92216873,12.36149979,8500,
1232,lounge,51,2861,47016,1,45.53659058,10.23204041,7900,
1233,lounge,51,790,18700,1,41.57223892,13.33368969,9900,
1234,lounge,51,1370,55600,1,40.33591843,15.33714008,9300,
1235,lounge,51,790,40000,1,45.58409119,9.270959854,9900,
1236,lounge,51,1613,45000,1,44.29430008,9.674440384,8800,
1237,lounge,51,2162,66900,1,45.67483902,9.687859535,8500,
1238,lounge,51,701,31331,1,41.10787964,14.20880985,9700,
1239,lounge,51,456,14900,1,45.71659088,9.708080292,10400,
1240,pop,51,4383,107600,1,44.63998032,8.64468956,3950,
1241,sport,51,3623,185000,1,45.02709961,12.22085953,4400,
1242,lounge,51,1917,53182,1,45.62813187,9.045459747,7900,
1243,lounge,51,731,9600,1,40.66714096,16.60445023,10500,
1244,lounge,51,640,39414,1,41.10787964,14.20880985,8900,
1245,pop,51,366,5870,1,41.08335114,16.77858925,10999,
1246,lounge,51,1858,94752,1,45.53659058,10.23204041,7900,
1247,lounge,51,790,18300,1,41.57223892,13.33368969,9980,
1248,pop,51,3500,105026,1,40.3579483,18.16801071,5490,
1249,pop,51,1858,108650,1,45.67927933,9.237190247,6790,
1250,lounge,51,397,13988,1,45.70724869,11.4776001,10500,
1251,lounge,51,762,20000,1,41.90322113,12.49565029,8990,
1252,lounge,51,640,41810,1,41.10787964,14.20880985,9700,
1253,pop,51,3347,85500,1,45.66635895,12.24188995,5699,
1254,sport,73,4108,129000,1,45.16025162,9.137539864,4000,
1255,lounge,51,2527,92956,1,41.31988907,16.2791996,7300,
1256,lounge,51,425,15380,1,45.06967926,7.704919815,10500,
1257,lounge,51,1035,45000,1,41.90322113,12.49565029,10500,
1258,lounge,51,640,28548,1,41.10787964,14.20880985,9400,
1259,pop,51,366,5870,1,41.90322113,12.49565029,10999,
1260,lounge,51,1066,70458,1,45.53659058,10.23204041,8900,
1261,lounge,51,3774,106000,2,42.34614944,14.40161037,6300,
1262,lounge,51,3013,76000,2,40.41302109,16.69087029,6900,
1263,lounge,51,762,18000,2,45.58409119,9.270959854,9900,
1264,lounge,51,762,18157,1,40.83581161,14.50440979,9590,
1265,lounge,51,701,24000,1,41.90322113,12.49565029,8990,
1266,lounge,51,640,30323,1,41.10787964,14.20880985,9700,
1267,pop,51,3347,85500,1,41.08335114,16.77858925,5699,
1268,sport,51,3288,145000,2,42.94897842,13.87775993,4500,
1269,lounge,51,397,19600,2,44.51242828,11.12837982,10900,
1270,lounge,51,4108,134000,2,45.1778717,7.644120216,5550,
1271,lounge,51,1035,45000,2,41.90322113,12.49565029,10500,
1272,lounge,51,701,25656,2,41.10787964,14.20880985,9400,
1273,pop,51,366,5870,2,45.66635895,12.24188995,10999,
1274,lounge,51,1066,68597,2,45.53659058,10.23204041,8900,
1275,lounge,51,762,37447,2,42.09685898,11.78981018,9990,
1276,pop,51,3743,129000,2,43.25925064,13.01226044,5300,
1277,lounge,51,762,20000,2,45.58409119,9.270959854,9900,
1278,pop,51,821,13000,1,45.3956604,9.638270378,9900,
1279,lounge,51,762,10100,1,41.90322113,12.49565029,9900,
1280,lounge,51,640,32061,1,41.10787964,14.20880985,9700,
1281,pop,51,3347,85500,1,41.90322113,12.49565029,5699,
1282,lounge,51,790,38510,1,41.90322113,12.49565029,10300,
1283,lounge,51,3288,84318,1,43.78237152,11.25498962,6450,
1284,lounge,51,670,25571,1,41.10787964,14.20880985,9400,
1285,lounge,51,670,42260,1,41.10787964,14.20880985,9400,
1286,pop,51,366,5870,1,43.78237152,11.25498962,10999,
1287,lounge,51,1066,70055,1,45.53659058,10.23204041,8900,
1288,lounge,51,366,9248,1,41.90322113,12.49565029,10000,
1289,lounge,51,1552,36500,1,44.38822174,7.54832983,9900,
1290,lounge,51,790,15000,1,45.58409119,9.270959854,9900,
1291,lounge,51,3927,98137,1,44.11185837,9.958860397,5500,
1292,lounge,51,1186,34000,1,40.81591034,14.57960033,8499,
1293,lounge,51,701,28438,1,41.10787964,14.20880985,9700,
1294,lounge,51,731,22125,1,40.87142944,14.43896008,9950,
1295,lounge,51,852,30000,1,45.38516998,12.00809002,9800,
1296,sport,51,1858,65000,1,40.63722992,15.7992897,10490,
1297,lounge,51,397,12917,1,39.29122162,16.25251389,9690,
1298,lounge,51,670,32129,1,41.10787964,14.20880985,9400,
1299,lounge,51,640,32970,1,41.10787964,14.20880985,9400,
1300,lounge,51,1917,89000,1,45.06967926,7.704919815,8500,
1301,lounge,51,1066,77020,1,45.53659058,10.23204041,8900,
1302,lounge,51,366,9248,1,45.43830109,10.99170017,10000,
1303,lounge,51,762,18000,1,46.13788986,11.11398983,10450,
1304,lounge,51,790,22000,1,45.58409119,9.270959854,9900,
1305,pop,51,366,16600,1,46.17649841,9.903670311,10200,
1306,lounge,51,1461,39500,3,45.92216873,12.36149979,9800,
1307,lounge,51,670,14475,3,41.10787964,14.20880985,9700,
1308,lounge,51,1400,58684,3,45.68825912,8.731450081,8900,
1309,lounge,51,4018,35473,1,45.77568817,8.855879784,6799,
1310,lounge,51,790,37000,1,45.43830109,10.99170017,8990,
1311,lounge,51,1127,29500,1,43.89019012,10.33331966,9700,
1312,lounge,51,701,34031,1,41.10787964,14.20880985,9400,
1313,lounge,51,670,32867,1,41.10787964,14.20880985,9400,
1314,pop,51,2922,120000,1,41.99634933,12.72344017,7950,
1315,lounge,51,1066,73589,1,45.53659058,10.23204041,8900,
1316,lounge,51,578,32057,1,41.90322113,12.49565029,9600,
1317,lounge,51,366,13105,1,45.74074173,12.23266983,10950,
1318,lounge,51,701,25692,1,45.43878937,10.76424026,10300,
1319,lounge,51,2496,85598,1,45.61143875,8.901260376,7400,
1320,lounge,51,731,20025,1,41.68928146,13.25494003,9900,
1321,lounge,51,670,39470,1,41.10787964,14.20880985,10900,
1322,lounge,51,640,31277,1,41.90322113,12.49565029,9500,
1323,sport,74,3896,157000,2,45.16540909,10.79242039,4900,
1324,sport,51,3835,83000,2,45.82658005,10.09716988,5900,
1325,lounge,51,640,33626,2,41.10787964,14.20880985,9400,
1326,lounge,51,670,32213,2,41.10787964,14.20880985,8900,
1327,pop,51,3927,156000,2,41.99634933,12.72344017,4500,
1328,lounge,62,3197,72247,1,45.53659058,10.23204041,7500,
1329,lounge,51,578,32057,1,45.43830109,10.99170017,9600,
1330,pop,51,3500,160000,1,46.13788986,11.11398983,6250,
1331,lounge,51,4627,171150,1,45.83068848,12.03334045,2900,
1332,lounge,51,1583,97000,1,45.3956604,9.638270378,8700,
1333,sport,51,701,39162,1,45.5712204,9.159139633,9780,
1334,pop,51,1858,69683,1,41.90322113,12.49565029,8500,
1335,lounge,51,397,15728,1,41.83264923,12.75259972,9970,
1336,lounge,51,366,12950,1,44.51242828,11.12837982,10400,
1337,lounge,51,2251,32000,1,45.82658005,10.09716988,8600,
1338,lounge,51,640,35711,1,41.10787964,14.20880985,9400,
1339,lounge,51,670,35872,1,41.10787964,14.20880985,9400,
1340,lounge,51,4139,123105,2,45.65016174,9.205189705,4500,
1341,lounge,51,1066,76391,2,45.53659058,10.23204041,8900,
1342,pop,51,1400,57662,1,45.46796036,9.181779861,7800,
1343,lounge,62,2496,80000,1,46.79561234,11.93916416,7400,
1344,lounge,51,548,9700,1,41.77008057,12.22710991,10900,
1345,lounge,51,762,33435,1,41.10787964,14.20880985,10900,
1346,pop,51,1613,62000,1,45.67181015,9.609210014,7800,
1347,lounge,51,790,21600,1,41.90322113,12.49565029,8750,
1348,lounge,51,1278,69140,1,41.90322113,12.49565029,8700,
1349,lounge,51,397,16653,1,41.83264923,12.75259972,9970,
1350,pop,51,366,14730,1,44.51242828,11.12837982,9500,
1351,pop,51,1186,58000,1,44.79853058,10.34022045,8900,
1352,lounge,51,701,34120,1,41.10787964,14.20880985,9400,
1353,lounge,51,640,33767,1,41.10787964,14.20880985,9400,
1354,pop,51,1858,57500,1,45.76697922,11.73840046,7500,
1355,lounge,51,1066,71107,1,45.53659058,10.23204041,8900,
1356,lounge,51,701,36500,1,44.33240128,8.515649796,10990,
1357,lounge,51,3288,61973,1,45.43811035,12.31814957,7950,
1358,lounge,73,2496,69000,1,45.50944901,9.088700294,6800,
1359,lounge,51,762,29378,1,41.10787964,14.20880985,10900,
1360,pop,51,366,19637,1,45.43811035,12.31814957,9800,
1361,lounge,51,790,22610,1,41.90322113,12.49565029,8000,
1362,pop,51,3227,73000,1,38.12207031,13.36112022,7490,
1363,lounge,51,397,12575,1,41.83264923,12.75259972,9970,
1364,pop,51,1127,68523,1,45.5712204,9.159139633,8250,
1365,lounge,51,2466,78000,1,43.46353912,11.87765026,7900,
1366,lounge,51,609,32733,1,41.10787964,14.20880985,9400,
1367,lounge,51,640,39328,1,41.10787964,14.20880985,9400,
1368,lounge,51,3835,123892,1,45.35438919,11.86925983,6500,
1369,lounge,51,1066,72076,1,45.53659058,10.23204041,8900,
1370,lounge,51,701,36500,1,44.33240128,8.515649796,9990,
1371,lounge,51,762,16000,1,41.90322113,12.49565029,8990,
1372,lounge,51,4230,130000,1,40.53305054,17.58444977,5100,
1373,lounge,51,701,29506,1,46.21461105,13.21988964,10700,
1374,lounge,51,762,36993,1,45.5712204,9.159139633,8980,
1375,lounge,51,790,24620,1,41.90322113,12.49565029,8000,
1376,lounge,51,425,19046,1,45.6835289,11.95294952,10500,
1377,pop,51,3227,48000,1,45.07133102,7.515940189,8500,
1378,pop,51,1155,65235,1,45.5712204,9.159139633,8250,
1379,lounge,51,3592,80000,1,43.46353912,11.87765026,6500,
1380,lounge,51,640,37891,1,41.10787964,14.20880985,9400,
1381,lounge,51,670,38507,1,41.10787964,14.20880985,9400,
1382,lounge,51,3988,115557,1,41.90322113,12.49565029,4900,
1383,lounge,51,1066,69873,1,45.53659058,10.23204041,8900,
1384,lounge,51,762,38300,1,44.33240128,8.515649796,10600,
1385,lounge,51,1308,27471,1,41.90322113,12.49565029,10500,
1386,pop,51,3653,52000,1,44.64313126,10.9340601,9500,
1387,pop,51,2374,94063,1,38.17837143,15.55307961,6900,
1388,lounge,51,762,36993,1,41.90322113,12.49565029,8980,
1389,lounge,51,790,27440,1,41.90322113,12.49565029,8650,
1390,pop,51,2831,75070,2,45.31705856,8.858699799,5500,
1391,sport,51,4049,110661,2,46.17649841,9.903670311,6300,
1392,lounge,51,3804,130000,2,44.54187012,10.78141975,6400,
1393,lounge,51,1766,29400,2,41.74177933,12.6441803,7300,
1394,lounge,51,609,32665,2,41.10787964,14.20880985,9400,
1395,lounge,51,670,35755,2,41.10787964,14.20880985,9400,
1396,lounge,51,456,20941,1,39.29122162,16.25251389,9700,
1397,lounge,51,731,19100,1,45.53868866,9.928310394,10200,
1398,lounge,51,762,38300,1,44.33240128,8.515649796,9800,
1399,lounge,62,1400,24936,1,41.90322113,12.49565029,8500,
1400,lounge,51,1917,73000,1,39.2908783,9.001700401,7500,
1401,lounge,51,1096,38000,1,45.42673111,9.064720154,9400,
1402,lounge,51,762,36112,1,41.80298996,12.59893036,8980,
1403,pop,51,1127,31350,1,45.81071091,9.08714962,8750,
1404,pop,51,3074,72500,1,45.46796036,9.181779861,8499,
1405,lounge,51,1827,71000,1,40.85173035,14.47784042,7600,
1406,pop,51,1308,38000,1,45.06967926,7.704919815,8900,
1407,sport,51,821,29000,1,41.74177933,12.6441803,8500,
1408,lounge,51,701,36342,1,41.10787964,14.20880985,9400,
1409,lounge,51,640,30954,1,41.10787964,14.20880985,9400,
1410,lounge,51,762,18800,1,45.53868866,9.928310394,9700,
1411,pop,51,2466,52200,1,46.49528122,11.35346031,8900,
1412,lounge,51,1461,46108,1,41.90322113,12.49565029,8000,
1413,lounge,51,1431,38000,1,45.21540833,7.633669853,9900,
1414,lounge,51,2374,75900,1,46.17649841,9.903670311,8500,
1415,lounge,51,762,39751,1,41.90322113,12.49565029,9900,
1416,lounge,51,670,33000,1,42.28702927,12.40754032,10490,
1417,lounge,51,670,21720,1,40.39588928,18.12977982,9900,
1418,lounge,51,3743,56600,1,45.42324829,9.115189552,5600,
1419,lounge,51,3743,189000,1,41.74177933,12.6441803,3990,
1420,lounge,51,701,34233,1,41.10787964,14.20880985,9400,
1421,lounge,51,670,42695,1,41.10787964,14.20880985,8900,
1422,lounge,51,701,25900,1,45.53868866,9.928310394,9900,
1423,lounge,51,3166,95000,1,45.42673111,9.064720154,7400,
1424,lounge,51,1917,29000,1,41.58634949,13.57699966,9000,
1425,lounge,51,2861,50000,1,44.55202866,7.725810051,6950,
1426,lounge,51,1521,57800,1,44.50482178,11.34517956,9500,
1427,lounge,51,762,20457,1,41.90322113,12.49565029,9700,
1428,pop,51,1155,28000,1,45.76464844,8.99450016,10900,
1429,lounge,51,1461,103519,1,43.84197998,10.51531029,7500,
1430,lounge,51,2192,100000,1,43.81702042,10.68284988,8600,
1431,lounge,51,1066,69916,1,41.90322113,12.49565029,8980,
1432,lounge,51,670,34819,1,41.10787964,14.20880985,9400,
1433,lounge,51,701,42095,1,41.10787964,14.20880985,8900,
1434,lounge,51,1096,16876,1,43.06753159,12.55154991,10500,
1435,pop,51,1155,47000,1,41.90322113,12.49565029,7900,
1436,lounge,51,3562,88000,1,41.59114075,13.24621964,5000,
1437,lounge,51,1797,61000,1,40.85889816,14.35719013,6990,
1438,lounge,51,762,15613,1,41.90322113,12.49565029,9900,
1439,pop,51,790,44687,1,41.10787964,14.20880985,8800,
1440,lounge,51,1461,103519,1,43.87985992,10.78281021,7500,
1441,lounge,51,4474,143900,1,44.64313126,10.9340601,5400,
1442,lounge,51,1066,69916,1,45.5712204,9.159139633,8980,
1443,lounge,51,670,32835,1,41.10787964,14.20880985,9400,
1444,lounge,51,701,39024,1,41.10787964,14.20880985,9400,
1445,lounge,51,397,16300,1,45.06967926,7.704919815,10200,
1446,lounge,51,943,15748,1,43.06753159,12.55154991,10700,
1447,lounge,51,790,46038,1,45.06888962,9.266180038,10900,
1448,lounge,51,3319,122000,1,44.90724182,8.611559868,5500,
1449,lounge,51,3684,105000,1,44.64313126,10.9340601,6200,
1450,lounge,51,3105,99999,1,40.94717026,14.37254047,6500,
1451,pop,51,397,15000,1,41.90322113,12.49565029,9970,
1452,sport,62,3166,89000,1,45.72438049,11.76348972,5500,
1453,lounge,51,1247,75000,1,41.68379974,12.77451992,8000,
1454,pop,51,1186,42900,1,39.21453857,9.110489845,9900,
1455,lounge,51,1066,69916,1,41.90322113,12.49565029,8980,
1456,lounge,51,701,33942,1,41.10787964,14.20880985,9400,
1457,lounge,51,701,37093,1,41.10787964,14.20880985,9400,
1458,lounge,51,397,16300,1,41.90322113,12.49565029,10200,
1459,lounge,51,425,17539,1,40.9921608,14.21393013,10500,
1460,lounge,51,762,16700,1,40.40106964,15.59286976,9990,
1461,lounge,51,762,9500,1,44.54187012,10.78141975,10900,
1462,lounge,51,790,24086,1,45.43878937,10.76424026,10350,
1463,pop,62,3470,90000,1,40.85889816,14.35719013,5199,
1464,lounge,51,1797,48500,1,45.50133896,9.025719643,7500,
1465,lounge,51,2039,50000,1,45.43830109,10.99170017,8000,
1466,sport,51,3288,160012,4,45.14113998,9.10807991,3900,
1467,lounge,51,1492,58000,4,44.98873901,9.010499954,8890,
1468,lounge,51,1066,69916,4,45.5712204,9.159139633,8980,
1469,lounge,51,701,35752,4,41.10787964,14.20880985,9400,
1470,lounge,51,640,34992,4,41.10787964,14.20880985,9400,
1471,lounge,51,397,16300,4,45.46796036,9.181779861,10200,
1472,pop,51,2527,82000,1,41.7690506,12.66281033,3950,
1473,pop,51,731,17000,1,45.06967926,7.704919815,9500,
1474,lounge,51,1858,48900,1,45.96057129,8.449370384,10900,
1475,lounge,51,731,24235,1,45.43878937,10.76424026,10350,
1476,pop,51,2496,80000,1,41.77008057,12.22710991,8500,
1477,lounge,51,731,16500,1,40.66714096,16.60445023,10500,
1478,lounge,51,1917,126426,1,41.7690506,12.66281033,6500,
1479,lounge,51,701,58231,1,45.02238846,7.586019993,7900,
1480,lounge,51,1674,89000,1,41.14123154,14.39577961,7600,
1481,lounge,51,1066,69916,1,40.75220871,14.45341015,8979,
1482,lounge,51,670,36458,1,41.10787964,14.20880985,9400,
1483,lounge,51,670,40639,1,41.10787964,14.20880985,8900,
1484,lounge,51,974,40000,1,45.28242111,9.931300163,9950,
1485,lounge,51,731,12000,1,45.02238846,7.586019993,9980,
1486,lounge,51,366,15000,1,45.54148102,8.071920395,10900,
1487,lounge,51,731,17228,1,42.66495895,13.91786957,9900,
1488,lounge,73,4596,220000,2,40.97645187,14.17228031,3850,
1489,pop,51,2527,108000,1,37.51136017,15.06752014,6800,
1490,pop,51,366,22148,1,45.70724869,11.4776001,9500,
1491,lounge,51,1066,69916,1,40.75220871,14.45341015,8980,
1492,lounge,51,2922,100000,1,44.53776932,10.81636047,6999,
1493,lounge,51,609,27370,1,41.10787964,14.20880985,9400,
1494,pop,51,4414,69000,1,45.05659866,9.701760292,5290,
1495,sport,51,2739,77149,3,44.75489044,8.031900406,7800,
1496,pop,62,3347,80000,3,44.28387833,11.88813972,7900,
1497,pop,51,1461,91055,3,44.50883865,11.46907997,7450,
1498,lounge,51,397,15840,3,38.12207031,13.36112022,10700,
1499,sport,51,1400,60000,1,45.80202103,9.187789917,10800,
1500,pop,51,1066,53100,1,38.12207031,13.36112022,8900,
1501,pop,51,1917,52008,1,45.43830109,10.99170017,9900,
1502,sport,51,3774,161900,1,44.9061203,7.677229881,4500,
1503,lounge,51,670,32473,1,41.10787964,14.20880985,9400,
1504,pop,51,1066,82200,1,37.23033905,14.52340031,7990,
1505,sport,51,4322,95000,1,40.92850113,14.20366955,4500,
1506,pop,51,1886,11000,1,44.81375122,7.245399952,10500,
1507,pop,51,1431,87770,1,44.50883865,11.46907997,7450,
1508,lounge,51,701,17324,1,45.55654907,9.534469604,9950,
1509,lounge,51,701,43379,1,45.58409119,9.270959854,9850,
1510,pop,51,2982,89000,1,45.6095314,10.20856953,6400,
1511,pop,51,4139,136000,1,41.11426163,16.48571014,4100,
1512,lounge,51,2982,127000,1,45.51205063,10.42700958,5450,
1513,lounge,62,3439,79000,1,44.88497925,7.33220005,6500,
1514,pop,51,1066,52700,1,45.35438919,11.86925983,9000,
1515,pop,51,1066,80800,1,37.23033905,14.52340031,7990,
1516,lounge,51,1917,124999,1,45.56449127,10.11561012,6999,
1517,pop,73,3865,80500,1,40.70410919,17.34005928,8500,
1518,pop,51,366,16100,1,44.69252014,10.10396004,10900,
1519,lounge,51,397,16053,1,38.12207031,13.36112022,10500,
1520,lounge,51,670,30000,1,45.76464844,8.99450016,10800,
1521,lounge,51,1035,15000,1,41.90322113,12.49565029,10990,
1522,lounge,51,3774,85000,1,44.29430008,9.674440384,4000,
1523,lounge,51,366,14618,1,45.70724869,11.4776001,10500,
1524,pop,51,2251,79800,1,45.51205063,10.42700958,6450,
1525,pop,51,2192,53300,1,40.6095314,14.98093033,7900,
1526,lounge,51,790,41870,1,45.70724869,11.4776001,9500,
1527,lounge,51,1705,23600,1,38.12207031,13.36112022,9300,
1528,pop,51,517,3000,1,40.74824142,14.52834988,9999,
1529,lounge,51,2861,126000,1,43.84197998,10.51531029,5500,
1530,lounge,51,731,22551,1,38.12207031,13.36112022,9900,
1531,lounge,51,670,29000,1,45.76464844,8.99450016,10800,
1532,sport,73,4505,127000,1,45.52851105,9.593230247,4750,
1533,pop,51,1917,52008,1,45.54800034,11.54946995,9900,
1534,sport,51,3712,115280,1,45.06967926,7.704919815,5200,
1535,lounge,74,3835,112000,1,45.84569168,8.666870117,4600,
1536,pop,51,2223,60457,1,45.48154068,9.413479805,7500,
1537,lounge,51,2557,80750,1,45.0007019,7.68227005,5990,
1538,pop,51,1766,54276,1,40.32341003,17.56826973,7900,
,,,,,,,CONCATANATE,loungepop,
,,,,,,,LENGTH,4,
,,,,,,,DAYS,-1300,
,,,,,,,NETWORKDAYS,,
,,,,,,,SUMIF,48050,
,,,,,,,AVERAGEIFS,8900,
,,,,,,,COUNTIFS,1118,
,,,,,,,COUNTA,2,
,,,,,,,IF,1,
,,,,,,,IFERROR,10600,
,,,,,,,FIND,1,
,,,,,,,SEARCH,1,
,,,,,,,LEFT,lou,
,,,,,,,RIGHT,ounge,
,,,,,,,COUNT,137,
,,,,,,,SUM,1221992,
